20201103100000,http://www.ef360.com/,599,61.94,http://company.ef360.com/Detail/270725.html,东莞凯骐服饰有限公司(班吉鹿)
20201103100000,http://www.ef360.com/,600,62.05,http://company.ef360.com/Detail/277922.html,天津嘉士服装服饰有限公司(暇步士)
20201103100000,http://www.ef360.com/,601,62.15,http://company.ef360.com/Detail/199942.html,北京嘉曼服饰股份有限公司(水孩儿)
20201103100000,http://www.ef360.com/,602,62.25,http://company.ef360.com/Detail/382863.html,广州市喔也服饰有限公司（萌度）
20201103100000,http://www.ef360.com/,603,62.36,http://company.ef360.com/Detail/403254.html,湖州海优服饰有限公司（PEIQI Family）
20201103100000,http://www.ef360.com/,604,62.46,http://company.ef360.com/Detail/403027.html,梵慕菲商贸有限公司（梵·慕菲）
20201103100000,http://www.ef360.com/,605,62.56,http://company.ef360.com/Detail/237141.html,泉州盛克鞋服有限公司（杰米熊）
20201103100000,http://www.ef360.com/,606,62.67,http://company.ef360.com/Detail/381784.html,香港Semk旗下盈思商贸(深圳)有限公司
20201103100000,http://www.ef360.com/,607,62.77,http://company.ef360.com/Detail/308088.html,东莞市伊丹曼服饰有限公司（快乐丘比）
20201103100000,http://www.ef360.com/,608,62.87,http://company.ef360.com/Detail/378757.html,杭州欧抱抱服装有限公司
20201103100000,http://www.ef360.com/,609,62.98,http://company.ef360.com/Detail/307401.html,东莞市欧米源服装有限公司（欧米源）
20201103100000,http://www.ef360.com/,610,63.08,http://company.ef360.com/Detail/155042.html,浙江贝贝依依文化科技股份有限公司（贝贝依依）
20201103100000,http://www.ef360.com/,611,63.19,http://company.ef360.com/Detail/269801.html,上海贞鑫制衣有限公司(柏迪小熊)
20201103100000,http://www.ef360.com/,612,63.29,http://company.ef360.com/Detail/375188.html,伊顿贸易（广州）有限公司（伊顿风尚童装）
20201103100000,http://www.ef360.com/,613,63.39,http://company.ef360.com/Detail/331405.html,中山市卓益服饰有限公司（卓儿）
20201103100000,http://www.ef360.com/,614,63.50,http://company.ef360.com/Detail/333937.html,广州市布布发现服饰有限公司(布布发现)
20201103100000,http://www.ef360.com/,615,63.60,http://company.ef360.com/Detail/273538.html,东莞市路西米儿制衣有限公司
20201103100000,http://www.ef360.com/,616,63.70,http://company.ef360.com/Detail/319011.html,东莞市艾米艾门服饰限公司（艾米艾门）
20201103100000,http://www.ef360.com/,617,63.81,http://company.ef360.com/Detail/289723.html,杭州江南布衣服饰有限公司
20201103100000,http://www.ef360.com/,618,63.91,http://company.ef360.com/Detail/317264.html,特步（中国）有限公司.儿童事业部（特步童装）
20201103100000,http://www.ef360.com/,619,64.01,http://company.ef360.com/Detail/303602.html,福建七匹狼实业股份有限公司（七匹狼童装）
20201103100000,http://www.ef360.com/,620,64.12,http://company.ef360.com/Detail/347925.html,广州市尚善服饰有限公司
20201103100000,http://www.ef360.com/,621,64.22,http://company.ef360.com/Detail/305607.html,七波辉（中国）有限公司
20201103100000,http://www.ef360.com/,622,64.32,http://manager.ef360.com/,服装商学院
20201103100000,http://www.ef360.com/,623,64.43,http://manager.ef360.com/,经营管理
20201103100000,http://www.ef360.com/,624,64.53,http://coo.ef360.com/,开店指导
20201103100000,http://www.ef360.com/,625,64.63,http://manager.ef360.com/Articles/2018-2-5/61191.html,阿里巴巴启动首个全球集团品牌形象战役“相信小的伟大”
20201103100000,http://www.ef360.com/,626,64.74,http://manager.ef360.com/Articles/2018-1-30/61189.html,New Balance是怎么用“跳一跳”小游戏讲爱情故事的？
20201103100000,http://www.ef360.com/,627,64.84,http://manager.ef360.com/Articles/2018-1-24/61188.html,害怕74%的品牌即将消失？Facebook做了这件事
20201103100000,http://www.ef360.com/,628,64.94,http://manager.ef360.com/Articles/2018-1-19/61187.html,为什么邀请函也能成为有趣的营销方式？
20201103100000,http://www.ef360.com/,629,65.05,http://manager.ef360.com/Articles/2018-1-10/61184.html,美食是帮助奢侈品牌吸引消费者的好办法吗？
20201103100000,http://www.ef360.com/,630,65.15,http://manager.ef360.com/Articles/2017-12-29/61181.html,阿里电商想在海外提高认知度 它的办法是讲魔幻童话
20201103100000,http://www.ef360.com/,631,65.25,http://manager.ef360.com/Articles/2017-12-20/61180.html,圣诞广告出现得越来越早，但是新意却越来越少 这里是一些盘点
20201103100000,http://www.ef360.com/,632,65.36,http://manager.ef360.com/Articles/2017-12-20/61179.html,还不是因为这位大叔 每年这天全球才有那么多人只穿内裤坐地铁
20201103100000,http://www.ef360.com/,633,65.46,http://manager.ef360.com/Articles/2017-12-19/61178.html,耐克和谷歌合作设计篮球场 看起来有点酷
20201103100000,http://www.ef360.com/,634,65.56,http://manager.ef360.com/Articles/2017-12-13/61176.html,支付宝戏精附身 在双十二玩了一次“下旨收钱”
20201103100000,http://www.ef360.com/,635,65.67,http://manager.ef360.com/Articles/2017-12-13/61175.html,双12成了年轻人的主战场！95后用户超三成
20201103100000,http://www.ef360.com/,636,65.77,http://manager.ef360.com/Articles/2017-12-12/61174.html,辣条还是辣眼睛？卫龙宣布“进军时尚界”
20201103100000,http://www.ef360.com/,637,65.87,http://coo.ef360.com/Articles/2019-6-11/61225.html,它钴国际男装整店输出全额报销，投资男装加盟怎么样
20201103100000,http://www.ef360.com/,638,65.98,http://coo.ef360.com/Articles/2019-6-5/61224.html,想自己开个服装男装店，加盟男装店要多少钱
20201103100000,http://www.ef360.com/,639,66.08,http://coo.ef360.com/Articles/2019-5-30/61223.html,它钴Targuo男装：选择一个好的平台，让自己更好更快的发展！
20201103100000,http://www.ef360.com/,640,66.18,http://coo.ef360.com/Articles/2019-5-28/61222.html,2019把握商机找准平台，它钴男装做你致富路上的好帮手！
20201103100000,http://www.ef360.com/,641,66.29,http://coo.ef360.com/Articles/2019-5-23/61221.html,怎样经营 伊顿风尚童装品牌？
20201103100000,http://www.ef360.com/,642,66.39,http://coo.ef360.com/Articles/2019-5-22/61220.html,伊顿风尚童装品牌教你怎么样开服装店
20201103100000,http://www.ef360.com/,643,66.49,http://coo.ef360.com/Articles/2019-5-14/61219.html,专卖店它钴国际男装加盟_2019值得加盟的男装店
20201103100000,http://www.ef360.com/,644,66.60,http://coo.ef360.com/Articles/2019-5-9/61218.html,开个男装店的利润大吗 选择它钴男装开店有保障
20201103100000,http://www.ef360.com/,645,66.70,http://coo.ef360.com/Articles/2019-4-26/61217.html,10万元如何开好一家服装店？学会这几点轻松开店
20201103100000,http://www.ef360.com/,646,66.80,http://coo.ef360.com/Articles/2019-4-26/61216.html,它钴男装丨服装店开店指南 如何选择一个好店址
20201103100000,http://www.ef360.com/,647,66.91,http://coo.ef360.com/Articles/2019-4-23/61215.html,创业开服装店怎么样？服装创业开店需要注意10大细节
20201103100000,http://www.ef360.com/,648,67.01,http://coo.ef360.com/Articles/2018-8-27/61214.html,加盟内衣店要多少钱 怎么加盟
20201103100000,http://www.ef360.com/,649,67.11,http://exhi.ef360.com,服装展会
20201103100000,http://www.ef360.com/,650,67.22,http://www.ef360.com/subject/fszs2020aw/,
20201103100000,http://www.ef360.com/,651,67.32,http://www.ef360.com/subject/fszs2020aw/,"中国（深圳）国际品牌服装服饰交易会,时尚深圳展"
20201103100000,http://www.ef360.com/,652,67.43,http://fae-underwear.ef360.com/,
20201103100000,http://www.ef360.com/,653,67.53,http://fae-underwear.ef360.com/,2020上海国际生活时尚内衣展览会
20201103100000,http://www.ef360.com/,654,67.63,http://exhi.ef360.com,展会信息
20201103100000,http://www.ef360.com/,655,67.74,http://exhi.ef360.com/expo/100004/,
20201103100000,http://www.ef360.com/,656,67.84,http://exhi.ef360.com/expo/100004/,2020宁波时尚节
20201103100000,http://www.ef360.com/,657,67.94,http://exhi.ef360.com/expo/100062/,
20201103100000,http://www.ef360.com/,658,68.05,http://exhi.ef360.com/expo/100062/,2020中国童装产业博览会
20201103100000,http://www.ef360.com/,659,68.15,http://exhi.ef360.com/expo/100064/,
20201103100000,http://www.ef360.com/,660,68.25,http://exhi.ef360.com/expo/100064/,中国(深圳)针织品牌创新设计周暨深圳国际针织品博览会(CKIW EXPO)
20201103100000,http://www.ef360.com/,661,68.36,http://exhi.ef360.com/expo/100065/,
20201103100000,http://www.ef360.com/,662,68.46,http://exhi.ef360.com/expo/100065/,第21届FASHION SOURCE深圳国际服装供应链博览会暨第6届深圳原创设计时装周
20201103100000,http://www.ef360.com/,663,68.56,http://exhi.ef360.com/expo/100014/,
20201103100000,http://www.ef360.com/,664,68.67,http://exhi.ef360.com/expo/100014/,2020时尚深圳展
20201103100000,http://www.ef360.com/,665,68.77,http://brand.ef360.com/102934/,
20201103100000,http://www.ef360.com/,666,68.87,http://zs.ef360.com/Items/gmf-kids/,
20201103100000,http://www.ef360.com/,667,68.98,http://brand.ef360.com/16521/,
20201103100000,http://www.ef360.com/,668,69.08,http://brand.ef360.com/6583/,
20201103100000,http://www.ef360.com/,669,69.18,http://zs.ef360.com/items/Banjilu/,
20201103100000,http://www.ef360.com/,670,69.29,http://brand.ef360.com/9881/,
20201103100000,http://www.ef360.com/,671,69.39,http://brand.ef360.com/10523/,
20201103100000,http://www.ef360.com/,672,69.49,http://brand.ef360.com/11005/,
20201103100000,http://www.ef360.com/,673,69.60,http://fashion.ef360.com/,服装时尚
20201103100000,http://www.ef360.com/,674,69.70,http://fashion.ef360.com/trends/,趋势
20201103100000,http://www.ef360.com/,675,69.80,http://fashion.ef360.com/international-show/,秀场
20201103100000,http://www.ef360.com/,676,69.91,http://fashion.ef360.com/color/,流行色彩
20201103100000,http://www.ef360.com/,677,70.01,http://fashion.ef360.com/fashion-week/,时装周
20201103100000,http://www.ef360.com/,678,70.11,http://fashion.ef360.com/fashion/,时尚
20201103100000,http://www.ef360.com/,679,70.22,http://fashion.ef360.com/show/,走秀
20201103100000,http://www.ef360.com/,680,70.32,http://fashion.ef360.com/design/,设计
20201103100000,http://www.ef360.com/,681,70.42,http://fashion.ef360.com/style/,款式
20201103100000,http://www.ef360.com/,682,70.53,http://fashion.ef360.com/collocation/,搭配
20201103100000,http://www.ef360.com/,683,70.63,http://fashion.ef360.com/single/,单品
20201103100000,http://www.ef360.com/,684,70.73,http://fashion.ef360.com/Articles/2020-10-16/177741.html,秀尚 | 明星超模齐聚新天地 OZLANA“未来星途”主题秀惊艳上海
20201103100000,http://www.ef360.com/,685,70.84,http://fashion.ef360.com/Articles/2020-10-16/177740.html,秀尚| 上海时装周新贵设计师上演“黄金时代” 传递无限美感与力量
20201103100000,http://www.ef360.com/,686,70.94,http://fashion.ef360.com/Articles/2020-10-16/177739.html,秀尚 | From Sky To Space飞向太空 AKCLUB 2021春夏秀上海时装周发布
20201103100000,http://www.ef360.com/,687,71.04,http://fashion.ef360.com/Articles/2020-10-15/177738.html,秀尚 | URBAN REVIVO X面体 全新产品系列闪耀上海时装周
20201103100000,http://www.ef360.com/,688,71.15,http://fashion.ef360.com/Articles/2020-10-14/177734.html,秀尚 | HAZZYS 2021春夏时装秀，携萌宠演绎英伦风尚
20201103100000,http://www.ef360.com/,689,71.25,http://fashion.ef360.com/Articles/2020-10-26/177747.html,AIZILINLIN·张雯：“冰雪奇缘 春暖花开”拉开中国国际时装周童装高定礼服开幕大秀
20201103100000,http://www.ef360.com/,690,71.35,http://fashion.ef360.com/Articles/2020-10-26/177746.html,GMXY | 古木夕羊MISS GU系列：水墨意蕴，穿衣即艺术
20201103100000,http://www.ef360.com/,691,71.46,http://fashion.ef360.com/Articles/2020-10-20/177745.html,2020第二届织里童装时尚周暨第十二届国际时尚色彩大会盛大开幕
20201103100000,http://www.ef360.com/,692,71.56,http://fashion.ef360.com/Articles/2020-10-20/177744.html,温州市服装商会女装分会助力2020温州时尚博览会
20201103100000,http://www.ef360.com/,693,71.66,http://fashion.ef360.com/Articles/2020-10-19/177743.html,2021春夏时装周|澳洲轻奢OZLANA亮相上海，八大联名一次细数
20201103100000,http://www.ef360.com/,694,71.77,http://fashion.ef360.com/Articles/2020-10-16/177742.html,【電影時裝】复古之旅 2021春夏上海时装周完美收官
20201103100000,http://www.ef360.com/,695,71.87,http://fashion.ef360.com/Articles/2020-10-14/177737.html,一针一线都是艺术 瑞蚨祥盘扣大赏
20201103100000,http://www.ef360.com/,696,71.98,http://fashion.ef360.com/Articles/2020-10-14/177736.html,【電影時裝】2021春夏上海时装周秀场直击
20201103100000,http://www.ef360.com/,697,72.08,http://fashion.ef360.com/Articles/2020-10-14/177735.html,秀尚 | 密扇MUKZIN于上海时装周发布2021春夏系列“嘉珑”
20201103100000,http://www.ef360.com/,698,72.18,http://fashion.ef360.com/trends/,服装流行趋势
20201103100000,http://www.ef360.com/,699,72.29,http://fashion.ef360.com/Articles/2019-11-30/177523.html,国潮汉风•汉家霓裳 中国•徐州汉服产业发展研讨会召开
20201103100000,http://www.ef360.com/,700,72.39,http://fashion.ef360.com/Articles/2019-7-4/177312.html,秀出时尚新颜值！|2020/21秋冬中国纺织面料流行趋势发布秀
20201103100000,http://www.ef360.com/,701,72.49,http://fashion.ef360.com/Articles/2019-6-17/177301.html,CBNData发布《2019女装行业趋势报告》
20201103100000,http://www.ef360.com/,702,72.60,http://fashion.ef360.com/Articles/2019-5-20/177281.html,共享米兰设计资源，重塑中国女装新时尚“汉意智和”中国首秀在杭州上演
20201103100000,http://www.ef360.com/,703,72.70,http://fashion.ef360.com/Articles/2019-5-14/177270.html,2019春夏女装流行趋势分析 哪些流行元素将主导衣橱？
20201103100000,http://www.ef360.com/,704,72.80,http://fashion.ef360.com/Articles/2019-5-14/177269.html,“苏明玉效应”：为什么女性西装是下一个时尚商机？
20201103100000,http://www.ef360.com/,705,72.91,http://fashion.ef360.com/Articles/2019-4-24/177262.html,2019潮男喜欢的衣服长啥样？答案都在淘宝男装流行趋势
20201103100000,http://www.ef360.com/,706,73.01,http://fashion.ef360.com/Articles/2019-4-24/177260.html,流行趋势：短套装不会有太强的气场 适合在多场景穿着
20201103100000,http://www.ef360.com/,707,73.11,http://brand.ef360.com/,服装品牌
20201103100000,http://www.ef360.com/,708,73.22,http://brand.ef360.com/lady/,女装
20201103100000,http://www.ef360.com/,709,73.32,http://brand.ef360.com/men/,男装
20201103100000,http://www.ef360.com/,710,73.42,http://brand.ef360.com/kids/,童装
20201103100000,http://www.ef360.com/,711,73.53,http://brand.ef360.com/underwear/,内衣
20201103100000,http://www.ef360.com/,712,73.63,http://brand.ef360.com/leisure/,休闲装
20201103100000,http://www.ef360.com/,713,73.73,http://brand.ef360.com/sport/,运动装
20201103100000,http://www.ef360.com/,714,73.84,http://brand.ef360.com/down-jackets/,羽绒服
20201103100000,http://www.ef360.com/,715,73.94,http://brand.ef360.com/ornaments/,饰品
20201103100000,http://www.ef360.com/,716,74.04,http://brand.ef360.com/clothing-accessories/,配饰
20201103100000,http://www.ef360.com/,717,74.15,http://brand.ef360.com/luggage/,箱包
20201103100000,http://www.ef360.com/,718,74.25,http://brand.ef360.com/shoes/,鞋子
20201103100000,http://www.ef360.com/,719,74.35,http://brand.ef360.com/top10/,十大品牌
20201103100000,http://www.ef360.com/,720,74.46,http://brand.ef360.com/102349/,伊顿风尚
20201103100000,http://www.ef360.com/,721,74.56,http://brand.ef360.com/104709/,戈蔓婷
20201103100000,http://www.ef360.com/,722,74.66,http://brand.ef360.com/104512/,班米熊
20201103100000,http://www.ef360.com/,723,74.77,http://brand.ef360.com/12129/,杰米熊
20201103100000,http://www.ef360.com/,724,74.87,http://brand.ef360.com/12894/,Dins底色
20201103100000,http://www.ef360.com/,725,74.97,http://brand.ef360.com/101026/,杰米兰帝
20201103100000,http://www.ef360.com/,726,75.08,http://brand.ef360.com/101762/,暇步士
20201103100000,http://www.ef360.com/,727,75.18,http://brand.ef360.com/104788/,可之馨
20201103100000,http://www.ef360.com/,728,75.28,http://brand.ef360.com/12775/,红凯贝尔
20201103100000,http://www.ef360.com/,729,75.39,http://brand.ef360.com/104607/,秋之恋
20201103100000,http://www.ef360.com/,730,75.49,http://brand.ef360.com/15491/,思薇尔
20201103100000,http://www.ef360.com/,731,75.59,http://brand.ef360.com/104628/,芙儿优
20201103100000,http://www.ef360.com/,732,75.70,http://brand.ef360.com/102228/,亲闺密语
20201103100000,http://www.ef360.com/,733,75.80,http://brand.ef360.com/101817/,CUMO
20201103100000,http://www.ef360.com/,734,75.90,http://brand.ef360.com/102470/,麦吉安琪
20201103100000,http://www.ef360.com/,735,76.01,http://brand.ef360.com/101920/,闺秘
20201103100000,http://www.ef360.com/,736,76.11,http://brand.ef360.com/103146/,维尼叮当
20201103100000,http://www.ef360.com/,737,76.22,http://brand.ef360.com/104603/,我的组合
20201103100000,http://www.ef360.com/,738,76.32,http://brand.ef360.com/14677/,欧林雅
20201103100000,http://www.ef360.com/,739,76.42,http://brand.ef360.com/6575/,莎缇娜
20201103100000,http://www.ef360.com/,740,76.53,http://brand.ef360.com/6576/,CATOU
20201103100000,http://www.ef360.com/,741,76.63,http://brand.ef360.com/14786/,本色棉
20201103100000,http://www.ef360.com/,742,76.73,http://brand.ef360.com/16700/,卓儿
20201103100000,http://www.ef360.com/,743,76.84,http://brand.ef360.com/6368/,鄂尔多斯
20201103100000,http://www.ef360.com/,744,76.94,http://brand.ef360.com/6401/,闪电
20201103100000,http://www.ef360.com/,745,77.04,http://brand.ef360.com/15144/,它钴
20201103100000,http://www.ef360.com/,746,77.15,http://brand.ef360.com/17494/,100%女人
20201103100000,http://www.ef360.com/,747,77.25,http://brand.ef360.com/7442/,吉卜马
20201103100000,http://www.ef360.com/,748,77.35,http://brand.ef360.com/7548/,伊丝芬
20201103100000,http://www.ef360.com/,749,77.46,http://brand.ef360.com/8341/,可芮娜
20201103100000,http://www.ef360.com/,750,77.56,http://brand.ef360.com/1541/,歌莉娅
20201103100000,http://www.ef360.com/,751,77.66,http://brand.ef360.com/10715/,惠葆
20201103100000,http://www.ef360.com/,752,77.77,http://brand.ef360.com/11577/,安婴保
20201103100000,http://www.ef360.com/,753,77.87,http://brand.ef360.com/13602/,都市丽人
20201103100000,http://www.ef360.com/,754,77.97,http://brand.ef360.com/15933/,贝喏比
20201103100000,http://www.ef360.com/,755,78.08,http://brand.ef360.com/16986/,卡帕童装
20201103100000,http://www.ef360.com/,756,78.18,http://brand.ef360.com/101591/,JI CHENG
20201103100000,http://www.ef360.com/,757,78.28,http://brand.ef360.com/104094/,依尚慕语
20201103100000,http://www.ef360.com/,758,78.39,http://brand.ef360.com/104589/,京润珍珠1+5
20201103100000,http://www.ef360.com/,759,78.49,http://brand.ef360.com/10486/,罗蒙
20201103100000,http://www.ef360.com/,760,78.59,http://brand.ef360.com/12738/,红孩儿
20201103100000,http://www.ef360.com/,761,78.70,http://brand.ef360.com/2617/,美思
20201103100000,http://www.ef360.com/,762,78.80,http://brand.ef360.com/9647/,伊生春
20201103100000,http://www.ef360.com/,763,78.90,http://brand.ef360.com/102640/,衡堂
20201103100000,http://www.ef360.com/,764,79.01,http://brand.ef360.com/100071/,鸿星尔克
20201103100000,http://www.ef360.com/,765,79.11,http://brand.ef360.com/,热点服装品牌
20201103100000,http://www.ef360.com/,766,79.21,http://zs.ef360.com/Items/foru/,
20201103100000,http://www.ef360.com/,767,79.32,http://zs.ef360.com/Items/foru/,芙儿优
20201103100000,http://www.ef360.com/,768,79.42,http://zs.ef360.com/Items/hokabr/,
20201103100000,http://www.ef360.com/,769,79.52,http://zs.ef360.com/Items/hokabr/,红凯贝尔
20201103100000,http://www.ef360.com/,770,79.63,http://zs.ef360.com/Items/qgmy/,
20201103100000,http://www.ef360.com/,771,79.73,http://zs.ef360.com/Items/qgmy/,亲闺密语
20201103100000,http://www.ef360.com/,772,79.83,http://zs.ef360.com/Items/qiuzhilian/,
20201103100000,http://www.ef360.com/,773,79.94,http://zs.ef360.com/Items/qiuzhilian/,秋之恋
20201103100000,http://www.ef360.com/,774,80.04,http://zs.ef360.com/Items/jiemilandi/,
20201103100000,http://www.ef360.com/,775,80.14,http://zs.ef360.com/Items/jiemilandi/,杰米兰帝
20201103100000,http://www.ef360.com/,776,80.25,http://zs.ef360.com/Items/mymix/,
20201103100000,http://www.ef360.com/,777,80.35,http://zs.ef360.com/Items/mymix/,我的组合
20201103100000,http://www.ef360.com/,778,80.46,http://zs.ef360.com/Items/jmbear/,
20201103100000,http://www.ef360.com/,779,80.56,http://zs.ef360.com/Items/jmbear/,杰米熊
20201103100000,http://www.ef360.com/,780,80.66,http://zs.ef360.com/items/dins/,
20201103100000,http://www.ef360.com/,781,80.77,http://zs.ef360.com/items/dins/,Dins底色
20201103100000,http://www.ef360.com/,782,80.87,http://zs.ef360.com/Items/onyou/,
20201103100000,http://www.ef360.com/,783,80.97,http://zs.ef360.com/Items/onyou/,欧林雅
20201103100000,http://www.ef360.com/,784,81.08,http://zs.ef360.com/Items/guimi/,
20201103100000,http://www.ef360.com/,785,81.18,http://zs.ef360.com/Items/guimi/,闺秘
20201103100000,http://www.ef360.com/,786,81.28,http://zs.ef360.com/items/vinnytido/,
20201103100000,http://www.ef360.com/,787,81.39,http://zs.ef360.com/items/vinnytido/,维尼叮当
20201103100000,http://www.ef360.com/,788,81.49,http://zs.ef360.com/Items/kezxin/,
20201103100000,http://www.ef360.com/,789,81.59,http://zs.ef360.com/Items/kezxin/,可之馨
20201103100000,http://www.ef360.com/,790,81.70,http://zs.ef360.com/Items/gemanting/,
20201103100000,http://www.ef360.com/,791,81.80,http://zs.ef360.com/Items/gemanting/,戈蔓婷
20201103100000,http://www.ef360.com/,792,81.90,http://zs.ef360.com/Items/xiabushi/,
20201103100000,http://www.ef360.com/,793,82.01,http://zs.ef360.com/Items/xiabushi/,暇步士
20201103100000,http://www.ef360.com/,794,82.11,http://zs.ef360.com/Items/banmixiong/,
20201103100000,http://www.ef360.com/,795,82.21,http://zs.ef360.com/Items/banmixiong/,班米熊
20201103100000,http://www.ef360.com/,796,82.32,http://zs.ef360.com/Items/TARGUO/,
20201103100000,http://www.ef360.com/,797,82.42,http://zs.ef360.com/Items/TARGUO/,它钴
20201103100000,http://www.ef360.com/,798,82.52,http://zs.ef360.com/Items/edkids/,
20201103100000,http://www.ef360.com/,799,82.63,http://zs.ef360.com/Items/edkids/,伊顿风尚
20201103100000,http://www.ef360.com/,800,82.73,http://zs.ef360.com/Items/eluuni/,
20201103100000,http://www.ef360.com/,801,82.83,http://zs.ef360.com/Items/eluuni/,依路佑妮
20201103100000,http://www.ef360.com/,802,82.94,http://zs.ef360.com/Items/sznr100/,
20201103100000,http://www.ef360.com/,803,83.04,http://zs.ef360.com/Items/sznr100/,100%女人
20201103100000,http://www.ef360.com/,804,83.14,http://zs.ef360.com/Items/cumo/,
20201103100000,http://www.ef360.com/,805,83.25,http://zs.ef360.com/Items/cumo/,CUMO
20201103100000,http://www.ef360.com/,806,83.35,http://zs.ef360.com/items/spiuto/,
20201103100000,http://www.ef360.com/,807,83.45,http://zs.ef360.com/items/spiuto/,闪电
20201103100000,http://www.ef360.com/,808,83.56,http://zs.ef360.com/Items/annil/,
20201103100000,http://www.ef360.com/,809,83.66,http://zs.ef360.com/Items/annil/,安奈儿
20201103100000,http://www.ef360.com/,810,83.76,http://zs.ef360.com/Items/annil/,
20201103100000,http://www.ef360.com/,811,83.87,http://zs.ef360.com/Items/annil/,安奈儿
20201103100000,http://www.ef360.com/,812,83.97,http://company.ef360.com/Detail/154735.html,
20201103100000,http://www.ef360.com/,813,84.07,http://company.ef360.com/Detail/154735.html,小猪班纳
20201103100000,http://www.ef360.com/,814,84.18,http://zs.ef360.com/Items/drszyf/,
20201103100000,http://www.ef360.com/,815,84.28,http://zs.ef360.com/Items/drszyf/,状元服
20201103100000,http://www.ef360.com/,816,84.38,http://zs.ef360.com/Items/thj/,
20201103100000,http://www.ef360.com/,817,84.49,http://zs.ef360.com/Items/thj/,桃花季
20201103100000,http://www.ef360.com/,818,84.59,http://zs.ef360.com/Items/ik/,
20201103100000,http://www.ef360.com/,819,84.69,http://zs.ef360.com/Items/ik/,况珈儿
20201103100000,http://www.ef360.com/,820,84.80,http://zs.ef360.com/Items/hokabr/,
20201103100000,http://www.ef360.com/,821,84.90,http://zs.ef360.com/Items/hokabr/,红凯贝尔
20201103100000,http://www.ef360.com/,822,85.01,http://zs.ef360.com/Items/Eluuni/,
20201103100000,http://www.ef360.com/,823,85.11,http://zs.ef360.com/Items/Eluuni/,依路佑妮
20201103100000,http://www.ef360.com/,824,85.21,http://zs.ef360.com/items/dambolo/,
20201103100000,http://www.ef360.com/,825,85.32,http://zs.ef360.com/items/dambolo/,丹比奴
20201103100000,http://www.ef360.com/,826,85.42,http://zs.ef360.com/items/jiemilandi/,
20201103100000,http://www.ef360.com/,827,85.52,http://zs.ef360.com/items/jiemilandi/,杰米兰帝
20201103100000,http://www.ef360.com/,828,85.63,http://zs.ef360.com/Items/shes/,
20201103100000,http://www.ef360.com/,829,85.73,http://zs.ef360.com/Items/shes/,茜子
20201103100000,http://www.ef360.com/,830,85.83,http://zs.ef360.com/items/biqitonghua/,
20201103100000,http://www.ef360.com/,831,85.94,http://zs.ef360.com/items/biqitonghua/,比奇童话
20201103100000,http://www.ef360.com/,832,86.04,http://zs.ef360.com/Items/dins/,
20201103100000,http://www.ef360.com/,833,86.14,http://zs.ef360.com/Items/dins/,底色
20201103100000,http://www.ef360.com/,834,86.25,http://zs.ef360.com/Items/niessing/,
20201103100000,http://www.ef360.com/,835,86.35,http://zs.ef360.com/Items/niessing/,尼辛
20201103100000,http://www.ef360.com/,836,86.45,http://zs.ef360.com/items/guimi/,
20201103100000,http://www.ef360.com/,837,86.56,http://zs.ef360.com/items/guimi/,闺秘
20201103100000,http://www.ef360.com/,838,86.66,http://zs.ef360.com/items/chihiro/,
20201103100000,http://www.ef360.com/,839,86.76,http://zs.ef360.com/items/chihiro/,CHIHIRO BY S.K.
20201103100000,http://www.ef360.com/,840,86.87,http://zs.ef360.com/Items/qgmy/,
20201103100000,http://www.ef360.com/,841,86.97,http://zs.ef360.com/Items/qgmy/,亲闺密语
20201103100000,http://www.ef360.com/,842,87.07,http://zs.ef360.com/Items/mengdukids/,
20201103100000,http://www.ef360.com/,843,87.18,http://zs.ef360.com/Items/mengdukids/,萌度
20201103100000,http://www.ef360.com/,844,87.28,http://zs.ef360.com/Items/ouyue/,
20201103100000,http://www.ef360.com/,845,87.38,http://zs.ef360.com/Items/ouyue/,欧玥
20201103100000,http://www.ef360.com/,846,87.49,http://zs.ef360.com/Items/YOSUM/,
20201103100000,http://www.ef360.com/,847,87.59,http://zs.ef360.com/Items/YOSUM/,YOSUM
20201103100000,http://www.ef360.com/,848,87.69,http://zs.ef360.com/Items/janefavor/,
20201103100000,http://www.ef360.com/,849,87.80,http://zs.ef360.com/Items/janefavor/,珍妮芬
20201103100000,http://www.ef360.com/,850,87.90,http://zs.ef360.com/Items/efocus/,
20201103100000,http://www.ef360.com/,851,88.00,http://zs.ef360.com/Items/efocus/,EFOCUS伊点
20201103100000,http://www.ef360.com/,852,88.11,http://brand.ef360.com/103146/,
20201103100000,http://www.ef360.com/,853,88.21,http://brand.ef360.com/103146/,维尼叮当
20201103100000,http://www.ef360.com/,854,88.31,http://zs.ef360.com/Items/xiaolingdang/,
20201103100000,http://www.ef360.com/,855,88.42,http://zs.ef360.com/Items/xiaolingdang/,小铃铛
20201103100000,http://www.ef360.com/,856,88.52,http://zs.ef360.com/Items/rbigx/,
20201103100000,http://www.ef360.com/,857,88.62,http://zs.ef360.com/Items/rbigx/,瑞比克
20201103100000,http://www.ef360.com/,858,88.73,http://zs.ef360.com/Items/Banjilu/,
20201103100000,http://www.ef360.com/,859,88.83,http://zs.ef360.com/Items/Banjilu/,班吉鹿
20201103100000,http://www.ef360.com/,860,88.93,http://zs.ef360.com/Items/gmf-kids/,
20201103100000,http://www.ef360.com/,861,89.04,http://zs.ef360.com/Items/gmf-kids/,捷米梵
20201103100000,http://www.ef360.com/,862,89.14,http://www.ef360.com,华衣网
20201103100000,http://www.ef360.com/,863,89.25,http://www.ef360.com.cn,服装加盟网
20201103100000,http://www.ef360.com/,864,89.35,http://www.cfw.com.cn/,中国服饰新闻网
20201103100000,http://www.ef360.com/,865,89.45,http://fitness.pclady.com.cn/,pclady美体
20201103100000,http://www.ef360.com/,866,89.56,http://www.cfw.cn/,CFW中国服装人才网
20201103100000,http://www.ef360.com/,867,89.66,http://www.baobeihr.com/,婴童人才网
20201103100000,http://www.ef360.com/,868,89.76,http://www.life.baobei360.com/,母婴生活馆
20201103100000,http://www.ef360.com/,869,89.87,http://www.aili.com/,爱丽
20201103100000,http://www.ef360.com/,870,89.97,http://lady.poco.cn/,popo女性
20201103100000,http://www.ef360.com/,871,90.07,http://www.vdolady.com/,维度女性网
20201103100000,http://www.ef360.com/,872,90.18,http://www.ppsj.com.cn/,品牌世家
20201103100000,http://www.ef360.com/,873,90.28,http://www.ef43.com.cn/,中国丽人网
20201103100000,http://www.ef360.com/,874,90.38,http://www.bestb2b.com/,电子商务
20201103100000,http://www.ef360.com/,875,90.49,http://www.cntrades.com,中国贸易网
20201103100000,http://www.ef360.com/,876,90.59,http://www.textilecc.com/,纺服资本圈
20201103100000,http://www.ef360.com/,877,90.69,http://fashion.ce.cn/,中国经济网时尚
20201103100000,http://www.ef360.com/,878,90.80,http://www.51bi.com/,返利网
20201103100000,http://www.ef360.com/,879,90.90,http://www.nahuo.com/,酷有拿货网
20201103100000,http://www.ef360.com/,880,91.00,http://www.tz360.com.cn/,儿童服装
20201103100000,http://www.ef360.com/,881,91.11,http://www.wood365.cn/,中国木业网
20201103100000,http://www.ef360.com/,882,91.21,http://www.ef360hr.com/,华衣服装人才网
20201103100000,http://www.ef360.com/,883,91.31,http://www.vsharing.com/,畅享网
20201103100000,http://www.ef360.com/,884,91.42,http://www.sjfzxm.com/,世界服装鞋帽网
20201103100000,http://www.ef360.com/,885,91.52,http://www.89178.com/,加盟连锁
20201103100000,http://www.ef360.com/,886,91.62,http://home.soufun.com/album/,装修效果图
20201103100000,http://www.ef360.com/,887,91.73,http://www.7dapei.com/,服装搭配
20201103100000,http://www.ef360.com/,888,91.83,http://www.pop-fashion.com/,服饰流行前线
20201103100000,http://www.ef360.com/,889,91.93,http://www.cnxz.cn/,中国鞋网
20201103100000,http://www.ef360.com/,890,92.04,http://www.eelly.com/,衣联网
20201103100000,http://www.ef360.com/,891,92.14,http://www.haodingdan.com/,服装加工
20201103100000,http://www.ef360.com/,892,92.24,http://www.korea-cn.com/,中韩时尚网
20201103100000,http://www.ef360.com/,893,92.35,http://www.siuf.cn,秀服网
20201103100000,http://www.ef360.com/,894,92.45,http://www.meiletao.com/,潮牌汇
20201103100000,http://www.ef360.com/,895,92.55,http://www.lady.ef360.com/,女装
20201103100000,http://www.ef360.com/,896,92.66,http://www.man.ef360.com/,男装
20201103100000,http://www.ef360.com/,897,92.76,http://www.tz.ef360.com/,童装
20201103100000,http://www.ef360.com/,898,92.86,http://www.ne.ef360.com/,内衣
20201103100000,http://www.ef360.com/,899,92.97,http://fashion.ef360.com/trends/,流行趋势预测
20201103100000,http://www.ef360.com/,900,93.07,http://www.socks.ef360.com/,袜子丝袜
20201103100000,http://www.ef360.com/,901,93.17,http://www.zsfs.ef360.com/,中式服饰
20201103100000,http://www.ef360.com/,902,93.28,http://www.baby.ef360.com/,婴儿服饰
20201103100000,http://www.ef360.com/,903,93.38,http://www.qipao.ef360.com/,旗袍
20201103100000,http://www.ef360.com/,904,93.49,http://xifu.ef360.com/,西服王国
20201103100000,http://www.ef360.com/,905,93.59,http://www.xiaofu.ef360.com/,校服园服
20201103100000,http://www.ef360.com/,906,93.69,http://brand.ef360.com/top10/,十大服装品牌
20201103100000,http://www.ef360.com/,907,93.80,http://company.ef360.com/,企业
20201103100000,http://www.ef360.com/,908,93.90,http://brand.ef360.com/,品牌
20201103100000,http://www.ef360.com/,909,94.00,http://product.ef360.com/,产品
20201103100000,http://www.ef360.com/,910,94.11,http://zs.ef360.com/,招商
20201103100000,http://www.ef360.com/,911,94.21,http://1.ef360.com/,加盟
20201103100000,http://www.ef360.com/,912,94.31,http://store.ef360.com/,店铺
20201103100000,http://www.ef360.com/,913,94.42,http://trade.ef360.com/,商机
20201103100000,http://www.ef360.com/,914,94.52,http://video.ef360.com/,视频
20201103100000,http://www.ef360.com/,915,94.62,http://zine.ef360.com/,画册
20201103100000,http://www.ef360.com/,916,94.73,http://news.ef360.com/,资讯
20201103100000,http://www.ef360.com/,917,94.83,http://www.ef360.com/subject/,专题
20201103100000,http://www.ef360.com/,918,94.93,http://fashion.ef360.com/,时尚
20201103100000,http://www.ef360.com/,919,95.04,http://www.ef360.com/person/,人物
20201103100000,http://www.ef360.com/,920,95.14,http://www.ef360.com/interview/,访谈
20201103100000,http://www.ef360.com/,921,95.24,http://www.order.ef360.com/,订货会
20201103100000,http://www.ef360.com/,922,95.35,http://research.ef360.com/,研究
20201103100000,http://www.ef360.com/,923,95.45,http://exhi.ef360.com/,展会
20201103100000,http://www.ef360.com/,924,95.55,http://www.ef360.com/agentsunion/,代理商
20201103100000,http://www.ef360.com/,925,95.66,http://sh.ef360.com/,上海服装
20201103100000,http://www.ef360.com/,926,95.76,http://bj.ef360.com/,北京服装
20201103100000,http://www.ef360.com/,927,95.86,http://gd.ef360.com/,广东服装
20201103100000,http://www.ef360.com/,928,95.97,http://sz.ef360.com/,深圳服装
20201103100000,http://www.ef360.com/,929,96.07,http://gz.ef360.com/,广州服装
20201103100000,http://www.ef360.com/,930,96.17,http://dg.ef360.com/,东莞服装
20201103100000,http://www.ef360.com/,931,96.28,http://zj.ef360.com/,浙江服装
20201103100000,http://www.ef360.com/,932,96.38,http://hz.ef360.com/,杭州服装
20201103100000,http://www.ef360.com/,933,96.48,http://js.ef360.com/,江苏服装
20201103100000,http://www.ef360.com/,934,96.59,http://fj.ef360.com/,福建服装
20201103100000,http://www.ef360.com/,935,96.69,http://shandong.ef360.com/,山东服装
20201103100000,http://www.ef360.com/,936,96.79,http://henan.ef360.com/,河南服装
20201103100000,http://www.ef360.com/,937,96.90,http://www.tz.ef360.com/,童装时尚网
20201103100000,http://www.ef360.com/,938,97.00,http://www.lady.ef360.com/,华衣女装网
20201103100000,http://www.ef360.com/,939,97.10,http://www.ne.ef360.com/,内衣时尚网
20201103100000,http://www.ef360.com/,940,97.21,http://www.man.ef360.com/,华衣男装网
20201103100000,http://www.ef360.com/,941,97.31,http://www.sp.ef360.com/,饰品时尚网
20201103100000,http://www.ef360.com/,942,97.41,http://www.jf.ef360.com/,华衣家纺网
20201103100000,http://www.ef360.com/,943,97.52,http://www.xx.ef360.com/,华衣休闲服饰网
20201103100000,http://www.ef360.com/,944,97.62,http://www.bag.ef360.com/,华衣箱包网
20201103100000,http://www.ef360.com/,945,97.72,http://www.sports.ef360.com/,华衣运动服饰网
20201103100000,http://www.ef360.com/,946,97.83,http://www.ef360.com/jiameng/,服装加盟网
20201103100000,http://www.ef360.com/,947,97.93,http://www.baobeihr.com/,婴童人才网
20201103100000,http://www.ef360.com/,948,98.04,http://www.baobei360.com/,婴童网
20201103100000,http://www.ef360.com/,949,98.14,http://www.ef360.com/About/,关于我们
20201103100000,http://www.ef360.com/,950,98.24,http://www.ef360.com/About/Services/,合作服务
20201103100000,http://www.ef360.com/,951,98.35,http://www.ef360.com/About/Brand/,成功案例
20201103100000,http://www.ef360.com/,952,98.45,http://www.ef360.com/About/Contact/,联系我们
20201103100000,http://www.ef360.com/,953,98.55,http://www.ef360.com/About/Links/,友情链接
20201103100000,http://www.ef360.com/,954,98.66,http://www.ef360.com/sitemap/,网站导航
20201103100000,http://www.ef360.com/,955,98.76,http://www.ef360.com/,华衣网
20201103100000,http://www.ef360.com/,956,98.86,http://www.miibeian.gov.cn/,沪ICP备07503963号
20201103100000,http://www.ef360.com/,957,98.97,http://www.beian.gov.cn/portal/registerSystemInfo?recordcode=31010702003197,沪公网安备31010702003197号
20201103100000,http://www.ef360.com/,958,99.07,http://system.chinalicensingexpo.com/2020/licensingshow/visitor/preregc.asp?hmsr=%E5%8D%8E%E8%A1%A3%E7%BD%91-%E9%A2%84%E7%99%BB%E8%AE%B0-200813&hmpl=&hmcu=&hmkw=&hmci=,
20201103100000,http://www.ef360.com/,959,99.17,http://system.chinalicensingexpo.com/2020/licensingshow/visitor/preregc.asp?hmsr=%E5%8D%8E%E8%A1%A3%E7%BD%91-%E9%A2%84%E7%99%BB%E8%AE%B0-200813&hmpl=&hmcu=&hmkw=&hmci=,
20201103100000,https://www.chicagofirefc.com/,0,0.00,https://www.mlssoccer.com/,
20201103100000,https://www.chicagofirefc.com/,1,0.30,https://www.mlssoccer.com/,MLSSOCCER
20201103100000,https://www.chicagofirefc.com/,2,0.61,https://www.chicago-fire.com/,Western Conference
20201103100000,https://www.chicagofirefc.com/,3,0.91,https://www.coloradorapids.com/,Colorado Rapids
20201103100000,https://www.chicagofirefc.com/,4,1.21,https://www.fcdallas.com/,FC Dallas
20201103100000,https://www.chicagofirefc.com/,5,1.52,https://www.houstondynamo.com/,Houston Dynamo
20201103100000,https://www.chicagofirefc.com/,6,1.82,https://www.lafc.com/,Los Angeles FC
20201103100000,https://www.chicagofirefc.com/,7,2.12,https://www.lagalaxy.com/,LA Galaxy
20201103100000,https://www.chicagofirefc.com/,8,2.42,https://www.mnufc.com/,Minnesota United FC
20201103100000,https://www.chicagofirefc.com/,9,2.73,https://www.timbers.com/,Portland Timbers
20201103100000,https://www.chicagofirefc.com/,10,3.03,https://www.rsl.com/,Real Salt Lake
20201103100000,https://www.chicagofirefc.com/,11,3.33,https://www.sjearthquakes.com/,San Jose Earthquakes
20201103100000,https://www.chicagofirefc.com/,12,3.64,https://www.soundersfc.com/,Seattle Sounders FC
20201103100000,https://www.chicagofirefc.com/,13,3.94,https://www.sportingkc.com/,Sporting Kansas City
20201103100000,https://www.chicagofirefc.com/,14,4.24,https://www.whitecapsfc.com/,Vancouver Whitecaps FC
20201103100000,https://www.chicagofirefc.com/,15,4.55,https://www.chicago-fire.com/,Eastern Conference
20201103100000,https://www.chicagofirefc.com/,16,4.85,https://atlutd.com/,Atlanta United FC
20201103100000,https://www.chicagofirefc.com/,17,5.15,https://www.chicagofirefc.com/,Chicago Fire FC
20201103100000,https://www.chicagofirefc.com/,18,5.45,https://www.fccincinnati.com/,FC Cincinnati
20201103100000,https://www.chicagofirefc.com/,19,5.76,https://www.columbuscrewsc.com/,Columbus Crew
20201103100000,https://www.chicagofirefc.com/,20,6.06,https://www.dcunited.com/,D.C. United
20201103100000,https://www.chicagofirefc.com/,21,6.36,https://www.intermiamicf.com/,Inter Miami CF
20201103100000,https://www.chicagofirefc.com/,22,6.67,https://www.impactmontreal.com/,Montreal Impact
20201103100000,https://www.chicagofirefc.com/,23,6.97,https://www.nashvillesc.com/,Nashville
20201103100000,https://www.chicagofirefc.com/,24,7.27,https://www.revolutionsoccer.net/,New England Revolution
20201103100000,https://www.chicagofirefc.com/,25,7.58,https://www.nycfc.com/,New York City FC
20201103100000,https://www.chicagofirefc.com/,26,7.88,https://www.newyorkredbulls.com/,New York Red Bulls
20201103100000,https://www.chicagofirefc.com/,27,8.18,https://www.orlandocitysc.com/,Orlando City SC
20201103100000,https://www.chicagofirefc.com/,28,8.48,https://www.philadelphiaunion.com/,Philadelphia Union
20201103100000,https://www.chicagofirefc.com/,29,8.79,https://www.torontofc.ca/,Toronto FC
20201103100000,https://www.chicagofirefc.com/,30,9.09,https://www.chicago-fire.com/,Expansion
20201103100000,https://www.chicagofirefc.com/,31,9.39,https://austinfc.com/,Austin FC
20201103100000,https://www.chicagofirefc.com/,32,9.70,https://charlottefootballclub.com/,Charlotte FC
20201103100000,https://www.chicagofirefc.com/,33,10.00,https://mls2sac.com,Sacramento
20201103100000,https://www.chicagofirefc.com/,34,10.30,https://www.stlcitysc.com/,St. Louis
20201103100000,https://www.chicagofirefc.com/,35,10.61,https://atlutd.com/,
20201103100000,https://www.chicagofirefc.com/,36,10.91,https://www.chicagofirefc.com/,
20201103100000,https://www.chicagofirefc.com/,37,11.21,https://www.fccincinnati.com/,
20201103100000,https://www.chicagofirefc.com/,38,11.52,https://www.coloradorapids.com/,
20201103100000,https://www.chicagofirefc.com/,39,11.82,https://www.columbuscrewsc.com/,
20201103100000,https://www.chicagofirefc.com/,40,12.12,https://www.fcdallas.com/,
20201103100000,https://www.chicagofirefc.com/,41,12.42,https://www.dcunited.com/,
20201103100000,https://www.chicagofirefc.com/,42,12.73,https://www.houstondynamo.com/,
20201103100000,https://www.chicagofirefc.com/,43,13.03,https://www.lafc.com/,
20201103100000,https://www.chicagofirefc.com/,44,13.33,https://www.lagalaxy.com/,
20201103100000,https://www.chicagofirefc.com/,45,13.64,https://www.intermiamicf.com/,
20201103100000,https://www.chicagofirefc.com/,46,13.94,https://www.mnufc.com/,
20201103100000,https://www.chicagofirefc.com/,47,14.24,https://www.impactmontreal.com/,
20201103100000,https://www.chicagofirefc.com/,48,14.55,https://www.nashvillesc.com/,
20201103100000,https://www.chicagofirefc.com/,49,14.85,https://www.revolutionsoccer.net/,
20201103100000,https://www.chicagofirefc.com/,50,15.15,https://www.nycfc.com/,
20201103100000,https://www.chicagofirefc.com/,51,15.45,https://www.newyorkredbulls.com/,
20201103100000,https://www.chicagofirefc.com/,52,15.76,https://www.orlandocitysc.com/,
20201103100000,https://www.chicagofirefc.com/,53,16.06,https://www.philadelphiaunion.com/,
20201103100000,https://www.chicagofirefc.com/,54,16.36,https://www.timbers.com/,
20201103100000,https://www.chicagofirefc.com/,55,16.67,https://www.rsl.com/,
20201103100000,https://www.chicagofirefc.com/,56,16.97,https://www.sjearthquakes.com/,
20201103100000,https://www.chicagofirefc.com/,57,17.27,https://www.soundersfc.com/,
20201103100000,https://www.chicagofirefc.com/,58,17.58,https://www.sportingkc.com/,
20201103100000,https://www.chicagofirefc.com/,59,17.88,https://www.torontofc.ca/,
20201103100000,https://www.chicagofirefc.com/,60,18.18,https://www.whitecapsfc.com/,
20201103100000,https://www.chicagofirefc.com/,61,18.48,https://austinfc.com/,
20201103100000,https://www.chicagofirefc.com/,62,18.79,https://charlottefootballclub.com/,
20201103100000,https://www.chicagofirefc.com/,63,19.09,https://mls2sac.com,
20201103100000,https://www.chicagofirefc.com/,64,19.39,https://www.stlcitysc.com/,
20201103100000,https://www.chicagofirefc.com/,65,19.70,https://www.chicago-fire.com/account,
20201103100000,https://www.chicagofirefc.com/,66,20.00,https://www.chicago-fire.com/,Login
20201103100000,https://www.chicagofirefc.com/,67,20.30,https://www.chicago-fire.com/,Sign Up
20201103100000,https://www.chicagofirefc.com/,68,20.61,https://www.chicago-fire.com/,Chicago Fire FC
20201103100000,https://www.chicagofirefc.com/,69,20.91,http://www.facebook.com/chicagofire,
20201103100000,https://www.chicagofirefc.com/,70,21.21,https://twitter.com/ChicagoFire,
20201103100000,https://www.chicagofirefc.com/,71,21.52,http://instagram.com/chicagofire,
20201103100000,https://www.chicagofirefc.com/,72,21.82,http://www.youtube.com/officialfiresoccer,
20201103100000,https://www.chicagofirefc.com/,73,22.12,https://www.chicago-fire.com/tickets/,Tickets
20201103100000,https://www.chicagofirefc.com/,74,22.42,https://www.chicago-fire.com/schedule,Schedule
20201103100000,https://www.chicagofirefc.com/,75,22.73,https://www.chicago-fire.com/players,Club
20201103100000,https://www.chicagofirefc.com/,76,23.03,https://www.chicago-fire.com/,Column 1
20201103100000,https://www.chicagofirefc.com/,77,23.33,https://www.chicago-fire.com/players,First Team
20201103100000,https://www.chicagofirefc.com/,78,23.64,https://www.chicagofirefc.com/footballoperations/,Football Operations Staff
20201103100000,https://www.chicagofirefc.com/,79,23.94,https://www.chicago-fire.com/club/staff,Front Office Staff
20201103100000,https://www.chicagofirefc.com/,80,24.24,https://www.chicago-fire.com/standings,Standings
20201103100000,https://www.chicagofirefc.com/,81,24.55,https://www.chicago-fire.com/stats,Stats
20201103100000,https://www.chicagofirefc.com/,82,24.85,https://www.chicago-fire.com/,Column 2
20201103100000,https://www.chicagofirefc.com/,83,25.15,https://www.chicagofirefc.com/supporters,Supporters
20201103100000,https://www.chicagofirefc.com/,84,25.45,https://www.chicagofirefc.com/kidsclub,Kids Club
20201103100000,https://www.chicagofirefc.com/,85,25.76,https://www.chicago-fire.com/club/corporate-partners,Corporate Partners
20201103100000,https://www.chicagofirefc.com/,86,26.06,https://www.chicago-fire.com/club/firepitch,CIBC Fire Pitch
20201103100000,https://www.chicagofirefc.com/,87,26.36,https://www.chicago-fire.com/,Column 3
20201103100000,https://www.chicagofirefc.com/,88,26.67,https://www.chicago-fire.com/club/history,History
20201103100000,https://www.chicagofirefc.com/,89,26.97,https://www.chicago-fire.com/media/records,Record Book
20201103100000,https://www.chicagofirefc.com/,90,27.27,https://www.chicago-fire.com/playerregistry,All-Time Player Registry
20201103100000,https://www.chicagofirefc.com/,91,27.58,https://www.chicago-fire.com/club/history/opencup,Lamar Hunt U.S. Open Cup
20201103100000,https://www.chicagofirefc.com/,92,27.88,https://www.chicago-fire.com/news,News
20201103100000,https://www.chicagofirefc.com/,93,28.18,https://www.chicago-fire.com/,Column 1
20201103100000,https://www.chicagofirefc.com/,94,28.48,https://www.chicago-fire.com/news,Club News
20201103100000,https://www.chicagofirefc.com/,95,28.79,https://www.chicago-fire.com/topics/press-release,Press Releases
20201103100000,https://www.chicagofirefc.com/,96,29.09,https://www.chicago-fire.com/topics/photos,Photo Galleries
20201103100000,https://www.chicagofirefc.com/,97,29.39,https://www.chicago-fire.com/media/records,Record Book
20201103100000,https://www.chicagofirefc.com/,98,29.70,https://www.chicago-fire.com/,Column 2
20201103100000,https://www.chicagofirefc.com/,99,30.00,https://www.chicago-fire.com/media,Media Center
20201103100000,https://www.chicagofirefc.com/,100,30.30,https://www.chicagofirefc.com/presskit,Press Kit
20201103100000,https://www.chicagofirefc.com/,101,30.61,https://www.chicago-fire.com/subscribe,Email Subscriptions
20201103100000,https://www.chicagofirefc.com/,102,30.91,https://www.chicago-fire.com/thefireinside,The Fire Inside
20201103100000,https://www.chicagofirefc.com/,103,31.21,https://www.chicago-fire.com/,Column 3
20201103100000,https://www.chicagofirefc.com/,104,31.52,http://www.chicago-fire.com/content/fire-social-media-hub,Fire Social Media Hub
20201103100000,https://www.chicagofirefc.com/,105,31.82,https://www.facebook.com/chicagofire/,Facebook
20201103100000,https://www.chicagofirefc.com/,106,32.12,http://twitter.com/chicagofire,Twitter
20201103100000,https://www.chicagofirefc.com/,107,32.42,https://www.youtube.com/user/officialfiresoccer,YouTube
20201103100000,https://www.chicagofirefc.com/,108,32.73,https://www.chicago-fire.com/videos,Video
20201103100000,https://www.chicagofirefc.com/,109,33.03,https://www.chicago-fire.com/,Column 1
20201103100000,https://www.chicagofirefc.com/,110,33.33,https://www.chicago-fire.com/videos,All Videos
20201103100000,https://www.chicagofirefc.com/,111,33.64,https://www.chicagofirefc.com/videos/road-to-soldier-field,Road to Soldier Field
20201103100000,https://www.chicagofirefc.com/,112,33.94,https://www.chicagofirefc.com/videochannels/open-wgn-and-espn,The Open
20201103100000,https://www.chicagofirefc.com/,113,34.24,https://www.chicago-fire.com/,Column 2
20201103100000,https://www.chicagofirefc.com/,114,34.55,https://www.chicago-fire.com/videos/highlights,Match Highlights
20201103100000,https://www.chicagofirefc.com/,115,34.85,https://www.chicago-fire.com/videos/features,Features
20201103100000,https://www.chicagofirefc.com/,116,35.15,https://www.objectivewellness.com/?utm_source=partner&utm_partner=CFFC&utm_medium=display&utm_campaign=FAIW&utm_content=banner&utm_prod=homepage,
20201103100000,https://www.chicagofirefc.com/,117,35.45,https://www.chicago-fire.com/community/foundation,Community
20201103100000,https://www.chicagofirefc.com/,118,35.76,https://www.chicago-fire.com/,Column 1
20201103100000,https://www.chicagofirefc.com/,119,36.06,https://www.chicago-fire.com/community,Chicago Fire Foundation
20201103100000,https://www.chicagofirefc.com/,120,36.36,https://www.chicago-fire.com/community/programs,Foundation Programs
20201103100000,https://www.chicagofirefc.com/,121,36.67,https://www.chicago-fire.com/community/partners,Community Partners
20201103100000,https://www.chicagofirefc.com/,122,36.97,https://www.chicago-fire.com/,Column 2
20201103100000,https://www.chicagofirefc.com/,123,37.27,https://www.chicago-fire.com/community/donation-requests,Donation Requests
20201103100000,https://www.chicagofirefc.com/,124,37.58,https://www.chicago-fire.com/community/waystohelp,Ways To Help
20201103100000,https://www.chicagofirefc.com/,125,37.88,https://www.chicago-fire.com/community/teamchicagofirefoundation,Run With Team CFF
20201103100000,https://www.chicagofirefc.com/,126,38.18,https://www.chicago-fire.com/,Column 3
20201103100000,https://www.chicagofirefc.com/,127,38.48,http://www.chicago-fire.com/community/associatesboard,CFF Associates Board
20201103100000,https://www.chicagofirefc.com/,128,38.79,http://www.chicagofireacademy.com/,Academy
20201103100000,https://www.chicagofirefc.com/,129,39.09,https://www.chicago-fire.com/youth/home,Youth
20201103100000,https://www.chicagofirefc.com/,130,39.39,https://www.chicago-fire.com/,Column 1
20201103100000,https://www.chicagofirefc.com/,131,39.70,https://www.chicagofirefc.com/fitn,Football In The Neighborhoods
20201103100000,https://www.chicagofirefc.com/,132,40.00,http://www.firejuniors.com/,Chicago Fire Juniors
20201103100000,https://www.chicagofirefc.com/,133,40.30,https://www.chicago-fire.com/,Column 2
20201103100000,https://www.chicagofirefc.com/,134,40.61,https://www.chicagofirefc.com/youth/fallprograms,Fall Programs
20201103100000,https://www.chicagofirefc.com/,135,40.91,https://www.chicago-fire.com/fitn/little-sparks,Little Sparks
20201103100000,https://www.chicagofirefc.com/,136,41.21,https://www.chicago-fire.com/fitc/communityambassador,Community Ambassador
20201103100000,https://www.chicagofirefc.com/,137,41.52,https://www.chicago-fire.com/,Column 3
20201103100000,https://www.chicagofirefc.com/,138,41.82,https://www.chicagofirefc.com/youth/boysresidentialcamp,Boys Residential Camp
20201103100000,https://www.chicagofirefc.com/,139,42.12,http://fire-pitch.com/cfrs/,Rec Soccer
20201103100000,https://www.chicagofirefc.com/,140,42.42,https://www.mlsstore.com/chicago-fire/t-14788953+z-9864491-363567547?_s=bm-ChicagoFire-CHFI-MLS-HeaderTopNav-2020,Shop
20201103100000,https://www.chicagofirefc.com/,141,42.73,https://www.chicago-fire.com/,Column 1
20201103100000,https://www.chicagofirefc.com/,142,43.03,https://www.chicagofirefc.com/curbside,Fire Fan Shop - Curbside Pickup
20201103100000,https://www.chicagofirefc.com/,143,43.33,https://www.mlsstore.com/chicago-fire/t-14788953+z-9864491-363567547?_s=bm-ChicagoFire-CHFI-MLS-HeaderSubNav-2020,CFFC Online Fan Shop
20201103100000,https://www.chicagofirefc.com/,144,43.64,https://www.mlsstore.com/chicago-fire/jerseys/t-25903453+d-25664271+z-944-3719298894?_s=bm-ChicagoFire-chfi-TOPNAVSHOPDDJerseys-Link-442018,Jerseys
20201103100000,https://www.chicagofirefc.com/,145,43.94,https://www.chicago-fire.com/,Column 2
20201103100000,https://www.chicagofirefc.com/,146,44.24,https://www.mlsstore.com/chicago-fire/kids/t-25454519+ga-03+z-986507-4010698466_s=bm-ChicagoFire-CHFI-MLS-ShopTabNav-Kids-2020,Kids
20201103100000,https://www.chicagofirefc.com/,147,44.55,https://www.mlsstore.com/chicago-fire/women/t-92907864+ga-35+z-89297-2399795461_s=bm-ChicagoFire-CHFI-MLS-ShopTabNav-Women-2020,Women
20201103100000,https://www.chicagofirefc.com/,148,44.85,https://www.mlsstore.com/chicago-fire/men/t-25344508+ga-67+z-900741-3274714394_s=bm-ChicagoFire-CHFI-MLS-ShopTabNav-Men-2020,Men
20201103100000,https://www.chicagofirefc.com/,149,45.15,https://www.mlsstore.com/chicago-fire/accessories/t-36455631+d-92779756+z-981-466041237_s=bm-ChicagoFire-CHFI-MLS-ShopTabNav-Accessories-2020,Accessories
20201103100000,https://www.chicagofirefc.com/,150,45.45,https://www.chicago-fire.com/,Column 3
20201103100000,https://www.chicagofirefc.com/,151,45.76,https://www.mlsstore.com/chicago-fire/hats/t-25014542+d-47003157+z-991-298406941_s=bm-ChicagoFire-CHFI-MLS-ShopTabNav-Hats-2020,Hats
20201103100000,https://www.chicagofirefc.com/,152,46.06,https://www.mlsstore.com/chicago-fire/hats/t-25014542+d-47003157+z-991-298406941_s=bm-ChicagoFire-CHFI-MLS-ShopTabNav-Hats-2020,Jackets
20201103100000,https://www.chicagofirefc.com/,153,46.36,https://www.mlsstore.com/chicago-fire/sweatshirts-and-fleece/t-25891242+d-69664264+z-89-3241029663_s=bm-ChicagoFire-CHFI-MLS-ShopTabNav-Sweatshirts-2020,Sweatshirts
20201103100000,https://www.chicagofirefc.com/,154,46.67,https://www.mlsstore.com/chicago-fire/t-shirts/t-14561253+d-47111987+z-903-567212386_s=bm-ChicagoFire-CHFI-MLS-ShopTabNav-T-Shirts-2020,T-Shirts
20201103100000,https://www.chicagofirefc.com/,155,46.97,https://www.chicagofirefc.com/curbside,
20201103100000,https://www.chicagofirefc.com/,156,47.27,https://www.chicagofirefc.com/espanol,Español
20201103100000,https://www.chicagofirefc.com/,157,47.58,https://www.chicago-fire.com/,Column 1
20201103100000,https://www.chicagofirefc.com/,158,47.88,https://www.chicago-fire.com/espanol,Inicio
20201103100000,https://www.chicagofirefc.com/,159,48.18,https://www.chicago-fire.com/es/news,Noticias
20201103100000,https://www.chicagofirefc.com/,160,48.48,https://twitter.com/vamosfire,@VamosFire
20201103100000,https://www.chicagofirefc.com/,161,48.79,https://www.chicago-fire.com/,
20201103100000,https://www.chicagofirefc.com/,162,49.09,https://www.chicago-fire.com/tickets/,Tickets
20201103100000,https://www.chicagofirefc.com/,163,49.39,https://www.chicago-fire.com/schedule,Schedule
20201103100000,https://www.chicagofirefc.com/,164,49.70,https://www.chicago-fire.com/players,Club
20201103100000,https://www.chicagofirefc.com/,165,50.00,https://www.chicago-fire.com/,Column 1
20201103100000,https://www.chicagofirefc.com/,166,50.30,https://www.chicago-fire.com/players,First Team
20201103100000,https://www.chicagofirefc.com/,167,50.61,https://www.chicagofirefc.com/footballoperations/,Football Operations Staff
20201103100000,https://www.chicagofirefc.com/,168,50.91,https://www.chicago-fire.com/club/staff,Front Office Staff
20201103100000,https://www.chicagofirefc.com/,169,51.21,https://www.chicago-fire.com/standings,Standings
20201103100000,https://www.chicagofirefc.com/,170,51.52,https://www.chicago-fire.com/stats,Stats
20201103100000,https://www.chicagofirefc.com/,171,51.82,https://www.chicago-fire.com/,Column 2
20201103100000,https://www.chicagofirefc.com/,172,52.12,https://www.chicagofirefc.com/supporters,Supporters
20201103100000,https://www.chicagofirefc.com/,173,52.42,https://www.chicagofirefc.com/kidsclub,Kids Club
20201103100000,https://www.chicagofirefc.com/,174,52.73,https://www.chicago-fire.com/club/corporate-partners,Corporate Partners
20201103100000,https://www.chicagofirefc.com/,175,53.03,https://www.chicago-fire.com/club/firepitch,CIBC Fire Pitch
20201103100000,https://www.chicagofirefc.com/,176,53.33,https://www.chicago-fire.com/,Column 3
20201103100000,https://www.chicagofirefc.com/,177,53.64,https://www.chicago-fire.com/club/history,History
20201103100000,https://www.chicagofirefc.com/,178,53.94,https://www.chicago-fire.com/media/records,Record Book
20201103100000,https://www.chicagofirefc.com/,179,54.24,https://www.chicago-fire.com/playerregistry,All-Time Player Registry
20201103100000,https://www.chicagofirefc.com/,180,54.55,https://www.chicago-fire.com/club/history/opencup,Lamar Hunt U.S. Open Cup
20201103100000,https://www.chicagofirefc.com/,181,54.85,https://www.chicago-fire.com/news,News
20201103100000,https://www.chicagofirefc.com/,182,55.15,https://www.chicago-fire.com/,Column 1
20201103100000,https://www.chicagofirefc.com/,183,55.45,https://www.chicago-fire.com/news,Club News
20201103100000,https://www.chicagofirefc.com/,184,55.76,https://www.chicago-fire.com/topics/press-release,Press Releases
20201103100000,https://www.chicagofirefc.com/,185,56.06,https://www.chicago-fire.com/topics/photos,Photo Galleries
20201103100000,https://www.chicagofirefc.com/,186,56.36,https://www.chicago-fire.com/media/records,Record Book
20201103100000,https://www.chicagofirefc.com/,187,56.67,https://www.chicago-fire.com/,Column 2
20201103100000,https://www.chicagofirefc.com/,188,56.97,https://www.chicago-fire.com/media,Media Center
20201103100000,https://www.chicagofirefc.com/,189,57.27,https://www.chicagofirefc.com/presskit,Press Kit
20201103100000,https://www.chicagofirefc.com/,190,57.58,https://www.chicago-fire.com/subscribe,Email Subscriptions
20201103100000,https://www.chicagofirefc.com/,191,57.88,https://www.chicago-fire.com/thefireinside,The Fire Inside
20201103100000,https://www.chicagofirefc.com/,192,58.18,https://www.chicago-fire.com/,Column 3
20201103100000,https://www.chicagofirefc.com/,193,58.48,http://www.chicago-fire.com/content/fire-social-media-hub,Fire Social Media Hub
20201103100000,https://www.chicagofirefc.com/,194,58.79,https://www.facebook.com/chicagofire/,Facebook
20201103100000,https://www.chicagofirefc.com/,195,59.09,http://twitter.com/chicagofire,Twitter
20201103100000,https://www.chicagofirefc.com/,196,59.39,https://www.youtube.com/user/officialfiresoccer,YouTube
20201103100000,https://www.chicagofirefc.com/,197,59.70,https://www.chicago-fire.com/videos,Video
20201103100000,https://www.chicagofirefc.com/,198,60.00,https://www.chicago-fire.com/,Column 1
20201103100000,https://www.chicagofirefc.com/,199,60.30,https://www.chicago-fire.com/videos,All Videos
20201103100000,https://www.chicagofirefc.com/,200,60.61,https://www.chicagofirefc.com/videos/road-to-soldier-field,Road to Soldier Field
20201103100000,https://www.chicagofirefc.com/,201,60.91,https://www.chicagofirefc.com/videochannels/open-wgn-and-espn,The Open
20201103100000,https://www.chicagofirefc.com/,202,61.21,https://www.chicago-fire.com/,Column 2
20201103100000,https://www.chicagofirefc.com/,203,61.52,https://www.chicago-fire.com/videos/highlights,Match Highlights
20201103100000,https://www.chicagofirefc.com/,204,61.82,https://www.chicago-fire.com/videos/features,Features
20201103100000,https://www.chicagofirefc.com/,205,62.12,https://www.objectivewellness.com/?utm_source=partner&utm_partner=CFFC&utm_medium=display&utm_campaign=FAIW&utm_content=banner&utm_prod=homepage,
20201103100000,https://www.chicagofirefc.com/,206,62.42,https://www.chicago-fire.com/community/foundation,Community
20201103100000,https://www.chicagofirefc.com/,207,62.73,https://www.chicago-fire.com/,Column 1
20201103100000,https://www.chicagofirefc.com/,208,63.03,https://www.chicago-fire.com/community,Chicago Fire Foundation
20201103100000,https://www.chicagofirefc.com/,209,63.33,https://www.chicago-fire.com/community/programs,Foundation Programs
20201103100000,https://www.chicagofirefc.com/,210,63.64,https://www.chicago-fire.com/community/partners,Community Partners
20201103100000,https://www.chicagofirefc.com/,211,63.94,https://www.chicago-fire.com/,Column 2
20201103100000,https://www.chicagofirefc.com/,212,64.24,https://www.chicago-fire.com/community/donation-requests,Donation Requests
20201103100000,https://www.chicagofirefc.com/,213,64.55,https://www.chicago-fire.com/community/waystohelp,Ways To Help
20201103100000,https://www.chicagofirefc.com/,214,64.85,https://www.chicago-fire.com/community/teamchicagofirefoundation,Run With Team CFF
20201103100000,https://www.chicagofirefc.com/,215,65.15,https://www.chicago-fire.com/,Column 3
20201103100000,https://www.chicagofirefc.com/,216,65.45,http://www.chicago-fire.com/community/associatesboard,CFF Associates Board
20201103100000,https://www.chicagofirefc.com/,217,65.76,http://www.chicagofireacademy.com/,Academy
20201103100000,https://www.chicagofirefc.com/,218,66.06,https://www.chicago-fire.com/youth/home,Youth
20201103100000,https://www.chicagofirefc.com/,219,66.36,https://www.chicago-fire.com/,Column 1
20201103100000,https://www.chicagofirefc.com/,220,66.67,https://www.chicagofirefc.com/fitn,Football In The Neighborhoods
20201103100000,https://www.chicagofirefc.com/,221,66.97,http://www.firejuniors.com/,Chicago Fire Juniors
20201103100000,https://www.chicagofirefc.com/,222,67.27,https://www.chicago-fire.com/,Column 2
20201103100000,https://www.chicagofirefc.com/,223,67.58,https://www.chicagofirefc.com/youth/fallprograms,Fall Programs
20201103100000,https://www.chicagofirefc.com/,224,67.88,https://www.chicago-fire.com/fitn/little-sparks,Little Sparks
20201103100000,https://www.chicagofirefc.com/,225,68.18,https://www.chicago-fire.com/fitc/communityambassador,Community Ambassador
20201103100000,https://www.chicagofirefc.com/,226,68.48,https://www.chicago-fire.com/,Column 3
20201103100000,https://www.chicagofirefc.com/,227,68.79,https://www.chicagofirefc.com/youth/boysresidentialcamp,Boys Residential Camp
20201103100000,https://www.chicagofirefc.com/,228,69.09,http://fire-pitch.com/cfrs/,Rec Soccer
20201103100000,https://www.chicagofirefc.com/,229,69.39,https://www.mlsstore.com/chicago-fire/t-14788953+z-9864491-363567547?_s=bm-ChicagoFire-CHFI-MLS-HeaderTopNav-2020,Shop
20201103100000,https://www.chicagofirefc.com/,230,69.70,https://www.chicago-fire.com/,Column 1
20201103100000,https://www.chicagofirefc.com/,231,70.00,https://www.chicagofirefc.com/curbside,Fire Fan Shop - Curbside Pickup
20201103100000,https://www.chicagofirefc.com/,232,70.30,https://www.mlsstore.com/chicago-fire/t-14788953+z-9864491-363567547?_s=bm-ChicagoFire-CHFI-MLS-HeaderSubNav-2020,CFFC Online Fan Shop
20201103100000,https://www.chicagofirefc.com/,233,70.61,https://www.mlsstore.com/chicago-fire/jerseys/t-25903453+d-25664271+z-944-3719298894?_s=bm-ChicagoFire-chfi-TOPNAVSHOPDDJerseys-Link-442018,Jerseys
20201103100000,https://www.chicagofirefc.com/,234,70.91,https://www.chicago-fire.com/,Column 2
20201103100000,https://www.chicagofirefc.com/,235,71.21,https://www.mlsstore.com/chicago-fire/kids/t-25454519+ga-03+z-986507-4010698466_s=bm-ChicagoFire-CHFI-MLS-ShopTabNav-Kids-2020,Kids
20201103100000,https://www.chicagofirefc.com/,236,71.52,https://www.mlsstore.com/chicago-fire/women/t-92907864+ga-35+z-89297-2399795461_s=bm-ChicagoFire-CHFI-MLS-ShopTabNav-Women-2020,Women
20201103100000,https://www.chicagofirefc.com/,237,71.82,https://www.mlsstore.com/chicago-fire/men/t-25344508+ga-67+z-900741-3274714394_s=bm-ChicagoFire-CHFI-MLS-ShopTabNav-Men-2020,Men
20201103100000,https://www.chicagofirefc.com/,238,72.12,https://www.mlsstore.com/chicago-fire/accessories/t-36455631+d-92779756+z-981-466041237_s=bm-ChicagoFire-CHFI-MLS-ShopTabNav-Accessories-2020,Accessories
20201103100000,https://www.chicagofirefc.com/,239,72.42,https://www.chicago-fire.com/,Column 3
20201103100000,https://www.chicagofirefc.com/,240,72.73,https://www.mlsstore.com/chicago-fire/hats/t-25014542+d-47003157+z-991-298406941_s=bm-ChicagoFire-CHFI-MLS-ShopTabNav-Hats-2020,Hats
20201103100000,https://www.chicagofirefc.com/,241,73.03,https://www.mlsstore.com/chicago-fire/hats/t-25014542+d-47003157+z-991-298406941_s=bm-ChicagoFire-CHFI-MLS-ShopTabNav-Hats-2020,Jackets
20201103100000,https://www.chicagofirefc.com/,242,73.33,https://www.mlsstore.com/chicago-fire/sweatshirts-and-fleece/t-25891242+d-69664264+z-89-3241029663_s=bm-ChicagoFire-CHFI-MLS-ShopTabNav-Sweatshirts-2020,Sweatshirts
20201103100000,https://www.chicagofirefc.com/,243,73.64,https://www.mlsstore.com/chicago-fire/t-shirts/t-14561253+d-47111987+z-903-567212386_s=bm-ChicagoFire-CHFI-MLS-ShopTabNav-T-Shirts-2020,T-Shirts
20201103100000,https://www.chicagofirefc.com/,244,73.94,https://www.chicagofirefc.com/curbside,
20201103100000,https://www.chicagofirefc.com/,245,74.24,https://www.chicagofirefc.com/espanol,Español
20201103100000,https://www.chicagofirefc.com/,246,74.55,https://www.chicago-fire.com/,Column 1
20201103100000,https://www.chicagofirefc.com/,247,74.85,https://www.chicago-fire.com/espanol,Inicio
20201103100000,https://www.chicagofirefc.com/,248,75.15,https://www.chicago-fire.com/es/news,Noticias
20201103100000,https://www.chicagofirefc.com/,249,75.45,https://twitter.com/vamosfire,@VamosFire
20201103100000,https://www.chicagofirefc.com/,250,75.76,https://www.chicago-fire.com/,
20201103100000,https://www.chicagofirefc.com/,251,76.06,https://www.chicago-fire.com/post/2020/10/20/message-chicagos-pro-sports-teams?autoplay=true,A Message from Chicago's Pro Sports Teams
20201103100000,https://www.chicagofirefc.com/,252,76.36,https://www.chicago-fire.com/post/2020/11/02/fire-enter-final-week-regular-season-play-control-playoff-ambitions,
20201103100000,https://www.chicagofirefc.com/,253,76.67,https://www.chicago-fire.com/post/2020/11/02/fire-enter-final-week-regular-season-play-control-playoff-ambitions,Fire enter final week of regular season play in control of playoff ambitions
20201103100000,https://www.chicagofirefc.com/,254,76.97,https://www.chicago-fire.com/pledge,
20201103100000,https://www.chicagofirefc.com/,255,77.27,https://www.chicago-fire.com/pledge,An update on CFFC’s Pledge
20201103100000,https://www.chicagofirefc.com/,256,77.58,https://www.chicagofirefc.com/schedule,
20201103100000,https://www.chicagofirefc.com/,257,77.88,https://www.chicagofirefc.com/vote,
20201103100000,https://www.chicagofirefc.com/,258,78.18,https://www.chicago-fire.com/post/2020/11/02/fire-enter-final-week-regular-season-play-control-playoff-ambitions,
20201103100000,https://www.chicagofirefc.com/,259,78.48,https://www.chicago-fire.com/post/2020/11/02/fire-enter-final-week-regular-season-play-control-playoff-ambitions,Fire enter final week of regular season play in control of playoff ambitions
20201103100000,https://www.chicagofirefc.com/,260,78.79,https://www.chicago-fire.com/post/2020/11/01/homegrown-gk-chris-brady-reflects-growth-first-pro-season-forward-madison,
20201103100000,https://www.chicagofirefc.com/,261,79.09,https://www.chicago-fire.com/post/2020/11/01/homegrown-gk-chris-brady-reflects-growth-first-pro-season-forward-madison,Homegrown GK Brady reflects on first pro season on loan in Madison
20201103100000,https://www.chicagofirefc.com/,262,79.39,https://www.chicago-fire.com/post/2020/10/31/quote-sheet-wicky-pineda-navarro-draw-nashville-sc,
20201103100000,https://www.chicagofirefc.com/,263,79.70,https://www.chicago-fire.com/post/2020/10/31/quote-sheet-wicky-pineda-navarro-draw-nashville-sc,"Quote Sheet | Wicky, Pineda, Navarro on draw at Nashville SC"
20201103100000,https://www.chicagofirefc.com/,264,80.00,https://www.chicago-fire.com/post/2020/10/31/chicago-fire-fc-earn-road-point-1-1-draw-nashville-sc-remain-above-playoff-line,
20201103100000,https://www.chicagofirefc.com/,265,80.30,https://www.chicago-fire.com/post/2020/10/31/chicago-fire-fc-earn-road-point-1-1-draw-nashville-sc-remain-above-playoff-line,Fire earn road point in 1-1 draw at Nashville SC
20201103100000,https://www.chicagofirefc.com/,266,80.61,https://www.chicago-fire.com/content/matchcenter-chicago-fire-fc-nashville-sc-oct-31-2020,
20201103100000,https://www.chicagofirefc.com/,267,80.91,https://www.chicago-fire.com/content/matchcenter-chicago-fire-fc-nashville-sc-oct-31-2020,"Matchcenter: Chicago Fire FC at Nashville SC | Oct. 31, 2020"
20201103100000,https://www.chicagofirefc.com/,268,81.21,https://www.chicago-fire.com/post/2020/10/31/lineup-notes-chicago-fire-fc-nashville-sc,
20201103100000,https://www.chicagofirefc.com/,269,81.52,https://www.chicago-fire.com/post/2020/10/31/lineup-notes-chicago-fire-fc-nashville-sc,Lineup Notes | Chicago Fire FC at Nashville SC
20201103100000,https://www.chicagofirefc.com/,270,81.82,https://www.chicago-fire.com/post/2020/10/31/nshvchi-postmatch-reaction-raphael-wicky?autoplay=true,
20201103100000,https://www.chicagofirefc.com/,271,82.12,https://www.chicago-fire.com/post/2020/10/31/nshvchi-postmatch-reaction-raphael-wicky?autoplay=true,#NSHvCHI Postmatch Reaction | Raphael Wicky
20201103100000,https://www.chicagofirefc.com/,272,82.42,https://www.chicago-fire.com/post/2020/10/31/nshvchi-postmatch-reaction-miguel-navarro?autoplay=true,
20201103100000,https://www.chicagofirefc.com/,273,82.73,https://www.chicago-fire.com/post/2020/10/31/nshvchi-postmatch-reaction-miguel-navarro?autoplay=true,#NSHvCHI Postmatch Reaction | Miguel Navarro
20201103100000,https://www.chicagofirefc.com/,274,83.03,https://www.chicago-fire.com/post/2020/10/31/nshvchi-postmatch-reaction-mauricio-pineda?autoplay=true,
20201103100000,https://www.chicagofirefc.com/,275,83.33,https://www.chicago-fire.com/post/2020/10/31/nshvchi-postmatch-reaction-mauricio-pineda?autoplay=true,#NSHvCHI Postmatch Reaction | Mauricio Pineda
20201103100000,https://www.chicagofirefc.com/,276,83.64,https://www.chicago-fire.com/post/2020/10/31/highlights-nashville-sc-vs-chicago-fire-fc-october-31-2020?autoplay=true,
20201103100000,https://www.chicagofirefc.com/,277,83.94,https://www.chicago-fire.com/post/2020/10/31/highlights-nashville-sc-vs-chicago-fire-fc-october-31-2020?autoplay=true,HIGHLIGHTS: Nashville SC vs. Chicago Fire FC
20201103100000,https://www.chicagofirefc.com/,278,84.24,https://www.chicago-fire.com/post/2020/10/31/goal-boris-sekuli-ghosts-through-nashville-defense-level-score?autoplay=true,
20201103100000,https://www.chicagofirefc.com/,279,84.55,https://www.chicago-fire.com/post/2020/10/31/goal-boris-sekuli-ghosts-through-nashville-defense-level-score?autoplay=true,Sekulić ghosts through Nashville defense
20201103100000,https://www.chicagofirefc.com/,280,84.85,https://www.chicago-fire.com/post/2020/10/31/match-preview-fire-head-nashville-saturday-night?autoplay=true,
20201103100000,https://www.chicagofirefc.com/,281,85.15,https://www.chicago-fire.com/post/2020/10/31/match-preview-fire-head-nashville-saturday-night?autoplay=true,Match Preview | Fire head to Nashville Saturday night
20201103100000,https://www.chicagofirefc.com/,282,85.45,https://www.chicagofirefc.com/tickets/,
20201103100000,https://www.chicagofirefc.com/,283,85.76,https://www.chicagofirefc.com/tickets/,Stand with us at Soldier Field in 2021
20201103100000,https://www.chicagofirefc.com/,284,86.06,https://www.facebook.com/chicagofire?ref=hp-soc-buttons,
20201103100000,https://www.chicagofirefc.com/,285,86.36,https://www.twitter.com/chicagofire?ref=hp-soc-buttons,
20201103100000,https://www.chicagofirefc.com/,286,86.67,https://www.instagram.com/chicagofire?ref=hp-soc-buttons,
20201103100000,https://www.chicagofirefc.com/,287,86.97,https://www.snapchat.com/add/chifiremls?ref=hp-soc-buttons,
20201103100000,https://www.chicagofirefc.com/,288,87.27,https://www.chicagofirefc.com/mobile-app,
20201103100000,https://www.chicagofirefc.com/,289,87.58,https://www.chicagofirefc.com/mobile-app,Download the CFFC Mobile App Today!
20201103100000,https://www.chicagofirefc.com/,290,87.88,https://www.mlsstore.com/mens-mls-adidas-black-number-mlsisblack-solidarity-top/p-37774519296001+z-9698-2903489454?_ref=p-SFLP%3Am-GRID%3Ai-r0c0%3Apo-0&_s=bmChicagoFire-CHFI-MLS_BLM-Homepage-8420,
20201103100000,https://www.chicagofirefc.com/,291,88.18,https://www.mlsstore.com/mens-mls-adidas-black-number-mlsisblack-solidarity-top/p-37774519296001+z-9698-2903489454?_ref=p-SFLP%3Am-GRID%3Ai-r0c0%3Apo-0&_s=bmChicagoFire-CHFI-MLS_BLM-Homepage-8420,Shop the #MLSisBlack Solidarity Top
20201103100000,https://www.chicagofirefc.com/,292,88.48,https://www.chicago-fire.com/post/2020/07/19/2020-chicago-fire-fc-soldier-field-hype-video?autoplay=true,2020 Chicago Fire FC Soldier Field Hype Video
20201103100000,https://www.chicagofirefc.com/,293,88.79,https://www.chicagofirefc.com/youth/summerprograms,
20201103100000,https://www.chicagofirefc.com/,294,89.09,https://www.chicagofirefc.com/youth/summerprograms,Fall Programming for kids ages 6-14
20201103100000,https://www.chicagofirefc.com/,295,89.39,https://www.chicago-fire.com/post/2020/06/25/chicago-fire-juniors-and-continental-tire-announce-jersey-front-partnership,
20201103100000,https://www.chicagofirefc.com/,296,89.70,https://www.chicago-fire.com/post/2020/06/25/chicago-fire-juniors-and-continental-tire-announce-jersey-front-partnership,Chicago Fire Juniors and Continental Tire Announce Jersey Front Partnership
20201103100000,https://www.chicagofirefc.com/,297,90.00,https://www.mlsstore.com/chicago-fire/t-14788953+z-9864491-363567547?_s=bm-ChicagoFire-CHFI-MLS-HeaderTopNav-2020,
20201103100000,https://www.chicagofirefc.com/,298,90.30,https://www.chicagofirefc.com/kidsclub,
20201103100000,https://www.chicagofirefc.com/,299,90.61,https://www.chicago-fire.com/,About
20201103100000,https://www.chicagofirefc.com/,300,90.91,https://www.chicagofirefc.com/tickets,Tickets
20201103100000,https://www.chicagofirefc.com/,301,91.21,https://www.chicago-fire.com/club/history,Fire History
20201103100000,https://www.chicagofirefc.com/,302,91.52,https://www.chicago-fire.com/form/general-inquiries,Contact Us
20201103100000,https://www.chicagofirefc.com/,303,91.82,http://mls.teamworkonline.com/teamwork/jobs/jobskey.cfm?s=chicago,Jobs
20201103100000,https://www.chicagofirefc.com/,304,92.12,https://www.chicago-fire.com/,The Game
20201103100000,https://www.chicagofirefc.com/,305,92.42,http://pressbox.mlssoccer.com/content/competition-rules-and-regulations,MLS Competitions Rules
20201103100000,https://www.chicagofirefc.com/,306,92.73,http://pressbox.mlssoccer.com/content/roster-rules-and-regulations,MLS Roster Rules
20201103100000,https://www.chicagofirefc.com/,307,93.03,https://www.chicago-fire.com/,Social Media
20201103100000,https://www.chicagofirefc.com/,308,93.33,http://www.facebook.com/chicagofire,Facebook
20201103100000,https://www.chicagofirefc.com/,309,93.64,http://twitter.com/chicagofire,Twitter
20201103100000,https://www.chicagofirefc.com/,310,93.94,http://www.youtube.com/officialfiresoccer,Youtube
20201103100000,https://www.chicagofirefc.com/,311,94.24,http://instagram.com/chicagofire,Instagram
20201103100000,https://www.chicagofirefc.com/,312,94.55,https://www.chicago-fire.com/,MLS Soccer
20201103100000,https://www.chicagofirefc.com/,313,94.85,https://go.onelink.me/asl7/CHI19,Download the MLS App
20201103100000,https://www.chicagofirefc.com/,314,95.15,http://www.mlssoccer.com/mlsworks,MLS WORKS
20201103100000,https://www.chicagofirefc.com/,315,95.45,http://www.sumworld.com/,SUM
20201103100000,https://www.chicagofirefc.com/,316,95.76,http://www.ussoccer.com/,U.S. Soccer
20201103100000,https://www.chicagofirefc.com/,317,96.06,https://www.chicago-fire.com/,Partners
20201103100000,https://www.chicagofirefc.com/,318,96.36,https://www.chicago-fire.com/club/corporate-partners,Corporate Partners
20201103100000,https://www.chicagofirefc.com/,319,96.67,https://www.chicago-fire.com/community/partners,Community Partners
20201103100000,https://www.chicagofirefc.com/,320,96.97,http://www.bbb.org/,Better Business Bureau
20201103100000,https://www.chicagofirefc.com/,321,97.27,https://www.chicago-fire.com/,Legal
20201103100000,https://www.chicagofirefc.com/,322,97.58,http://www.mlssoccer.com/terms-of-service,Terms of Service
20201103100000,https://www.chicagofirefc.com/,323,97.88,http://www.mlssoccer.com/privacy-policy,Privacy Policy
20201103100000,https://www.chicagofirefc.com/,324,98.18,http://www.mlssoccer.com/community-guidelines,Community Guidelines
20201103100000,https://www.chicagofirefc.com/,325,98.48,http://www.mlssoccer.com/privacy-policy,Privacy Policy
20201103100000,https://www.chicagofirefc.com/,326,98.79,http://www.mlssoccer.com/terms-service,Terms & Conditions
20201103100000,https://www.chicagofirefc.com/,327,99.09,https://forms.office.com/Pages/ResponsePage.aspx?id=hslDPaqBtU-nNMOAt8hHpZWgX73AZz1HidlattlTrqdUMjFIUFZDTVpGTDU3UVFPVzJUMkhMMU5LSS4u,Do Not Sell My Personal Information
20201103100000,https://www.chicagofirefc.com/,328,99.39,https://labs.mlssoccer.com/,Powered by MLS Digital
20201103100000,https://www.chicagofirefc.com/,329,99.70,http://www.mlssoccer.com/terms-service,Read here
20201103100000,https://www.larazon.es/,0,0.00,https://larazonepaper.pressreader.com/,Lea el periódico en PDF
20201103100000,https://www.larazon.es/,1,0.35,https://www.larazon.es/coronavirus,Coronavirus
20201103100000,https://www.larazon.es/,2,0.70,https://www.larazon.es/gracias-espana,Gracias España
20201103100000,https://www.larazon.es/,3,1.05,https://www.larazon.es/espana/,España
20201103100000,https://www.larazon.es/,4,1.39,https://www.larazon.es/madrid/,Madrid
20201103100000,https://www.larazon.es/,5,1.74,https://www.larazon.es/cataluna/,Cataluña
20201103100000,https://www.larazon.es/,6,2.09,https://www.larazon.es/comunidad-valenciana/,Comunidad Valenciana
20201103100000,https://www.larazon.es/,7,2.44,https://www.larazon.es/andalucia/,Andalucía
20201103100000,https://www.larazon.es/,8,2.79,https://www.larazon.es/castilla-y-leon/,Castilla y León
20201103100000,https://www.larazon.es/,9,3.14,https://www.larazon.es/murcia/,Murcia
20201103100000,https://www.larazon.es/,10,3.48,https://www.larazon.es/internacional/,Internacional
20201103100000,https://www.larazon.es/,11,3.83,https://www.larazon.es/tags/europa/,Europa
20201103100000,https://www.larazon.es/,12,4.18,https://www.larazon.es/america,América
20201103100000,https://www.larazon.es/,13,4.53,https://www.larazon.es/economia/,Economía
20201103100000,https://www.larazon.es/,14,4.88,https://cotizaciones.bolsamania.com/larazon/,Bolsa
20201103100000,https://www.larazon.es/,15,5.23,https://www.larazon.es/tags/economia-digital/,Economía Digital
20201103100000,https://www.larazon.es/,16,5.57,https://www.larazon.es/tags/tu-economia/,Tu Economía
20201103100000,https://www.larazon.es/,17,5.92,https://inmobiliaria.larazon.es/,Inmobiliaria
20201103100000,https://www.larazon.es/,18,6.27,https://innovadores.larazon.es/es/,Innovadores
20201103100000,https://www.larazon.es/,19,6.62,https://www.larazon.es/opinion/,Opinión
20201103100000,https://www.larazon.es/,20,6.97,https://www.larazon.es/editoriales/,Editoriales
20201103100000,https://www.larazon.es/,21,7.32,https://www.larazon.es/tags/vineta/,Viñetas
20201103100000,https://www.larazon.es/,22,7.67,https://www.larazon.es/deportes/,Deportes
20201103100000,https://www.larazon.es/,23,8.01,https://www.larazon.es/tags/futbol/,Fútbol
20201103100000,https://www.larazon.es/,24,8.36,https://www.larazon.es/laotraliga/,La Otra Liga
20201103100000,https://www.larazon.es/,25,8.71,https://www.larazon.es/tags/baloncesto/,Baloncesto
20201103100000,https://www.larazon.es/,26,9.06,https://www.larazon.es/tags/tenis/,Tenis
20201103100000,https://www.larazon.es/,27,9.41,https://www.larazon.es/cultura/,Cultura
20201103100000,https://www.larazon.es/,28,9.76,https://www.larazon.es/tags/cine/,Cine
20201103100000,https://www.larazon.es/,29,10.10,https://www.larazon.es/tags/musica/,Música
20201103100000,https://www.larazon.es/,30,10.45,https://www.larazon.es/tags/literatura/,Literatura
20201103100000,https://www.larazon.es/,31,10.80,https://www.larazon.es/tags/historia/,Historia
20201103100000,https://www.larazon.es/,32,11.15,https://www.larazon.es/tags/arte/,Arte
20201103100000,https://www.larazon.es/,33,11.50,https://www.larazon.es/tags/teatro/,Teatro
20201103100000,https://www.larazon.es/,34,11.85,https://www.larazon.es/toros/,Toros
20201103100000,https://www.larazon.es/,35,12.20,https://www.larazon.es/gente/,Gente
20201103100000,https://www.larazon.es/,36,12.54,https://www.larazon.es/salud/,Salud
20201103100000,https://www.larazon.es/,37,12.89,https://www.larazon.es/sociedad/,Sociedad
20201103100000,https://www.larazon.es/,38,13.24,https://www.larazon.es/sucesos/,Sucesos
20201103100000,https://www.larazon.es/,39,13.59,https://www.larazon.es/motor/,Motor
20201103100000,https://www.larazon.es/,40,13.94,https://www.larazon.es/ciencia/,Ciencia
20201103100000,https://www.larazon.es/,41,14.29,https://www.larazon.es/tecnologia/,Tecnología
20201103100000,https://www.larazon.es/,42,14.63,https://www.larazon.es/educacion/,Educación
20201103100000,https://www.larazon.es/,43,14.98,https://www.larazon.es/familia/,Familia
20201103100000,https://www.larazon.es/,44,15.33,https://www.larazon.es/religion/,Religión
20201103100000,https://www.larazon.es/,45,15.68,https://www.larazon.es/medio-ambiente/,Medio ambiente
20201103100000,https://www.larazon.es/,46,16.03,https://www.larazon.es/loteria/,Lotería
20201103100000,https://www.larazon.es/,47,16.38,https://www.larazon.es/tags/caza/,Caza
20201103100000,https://www.larazon.es/,48,16.72,https://www.larazon.es/lifestyle/,Lifestyle
20201103100000,https://www.larazon.es/,49,17.07,https://www.larazon.es/lujo,Lujo
20201103100000,https://www.larazon.es/,50,17.42,https://www.larazon.es/tags/moda/,Moda
20201103100000,https://www.larazon.es/,51,17.77,https://www.larazon.es/tags/belleza/,Belleza
20201103100000,https://www.larazon.es/,52,18.12,https://www.larazon.es/entretenimiento/,Ocio
20201103100000,https://www.larazon.es/,53,18.47,https://www.larazon.es/television/,Televisión
20201103100000,https://www.larazon.es/,54,18.82,https://www.larazon.es/viajes/,Viajes
20201103100000,https://www.larazon.es/,55,19.16,https://www.larazon.es/gastronomia/,Gastronomía
20201103100000,https://www.larazon.es/,56,19.51,https://www.larazon.es/esports/,eSports
20201103100000,https://www.larazon.es/,57,19.86,https://www.larazon.es/compras/,De compras
20201103100000,https://www.larazon.es/,58,20.21,https://www.larazon.es/tags/videos/,Vídeo
20201103100000,https://www.larazon.es/,59,20.56,https://www.larazon.es/podcast/,Podcast
20201103100000,https://www.larazon.es/,60,20.91,https://stories.larazon.es/,Stories La Razón
20201103100000,https://www.larazon.es/,61,21.25,https://younews.larazon.es/,YouNews
20201103100000,https://www.larazon.es/,62,21.60,https://younews.larazon.es/membership-account/tipos-de-suscripcion/,Suscríbete
20201103100000,https://www.larazon.es/,63,21.95,https://younews.larazon.es/gestion-de-boletines/,Newsletters
20201103100000,https://www.larazon.es/,64,22.30,https://www.larazon.es/descuentos/,Descuentos
20201103100000,https://www.larazon.es/,65,22.65,https://promociones.larazon.es/,Promociones
20201103100000,https://www.larazon.es/,66,23.00,https://www.larazon.es/suplementos/,Suplementos en PDF
20201103100000,https://www.larazon.es/,67,23.34,https://www.larazon.es,La Razón
20201103100000,https://www.larazon.es/,68,23.69,https://www.larazon.es/sociedad/20201103/spxjpcfzivagfjjro6ctw7kuwe.html,EN DIRECTOMedicamentos contra la osteoporosis podrían proteger frente a la Covid-19
20201103100000,https://www.larazon.es/,69,24.04,https://www.larazon.es/espana/20201103/znq2i2dofvbldirc2eovoa3a2a.html,Las comunidades presionan para empezar a confinar ya
20201103100000,https://www.larazon.es/,70,24.39,https://www.larazon.es/autor/cmorodo/,Carmen Morodo
20201103100000,https://www.larazon.es/,71,24.74,https://www.larazon.es/espana/20201103/s5kkgruh2ne3hk27lxucdfj4dy.html,Calvo pide esperar hasta el 9 de noviembre para decidir sobre el confinamiento domiciliario
20201103100000,https://www.larazon.es/,72,25.09,https://www.larazon.es/editoriales/20201103/6jujfrbu7rh5fpdh3z3wjq34ou.html,Editorial: Ya es hora de despedir a Fernando Simón
20201103100000,https://www.larazon.es/,73,25.44,https://www.larazon.es/internacional/20201102/dfx7ch2jc5fn5fxd3i33lm26qu.html,"Viena, el último objetivo yihadista"
20201103100000,https://www.larazon.es/,74,25.78,https://www.larazon.es/internacional/20201103/mguq3m3ygjg4bgldeoj5kymt3e.html,El terrorista abatido de Viena era un joven de veinte años nacido en Austria de origen albanés
20201103100000,https://www.larazon.es/,75,26.13,https://www.larazon.es/deportes/20201103/vbmhm5evxbgbbobpdv5dibynou.html,Así ha vivido el entrenador de Dominic Thiem el tiroteo en Viena
20201103100000,https://www.larazon.es/,76,26.48,https://www.larazon.es/opinion/20201103/cdc5nennofhffbdatm7kg4xeiy.html,El odio progre contra Trump
20201103100000,https://www.larazon.es/,77,26.83,https://www.larazon.es/autor/fmarhuenda/,Francisco Marhuenda
20201103100000,https://www.larazon.es/,78,27.18,https://www.larazon.es/espana/20201103/gmjtxi6oqzdzppawo7h36lsv2u.html,"La controvertida jueza Victoria Rosell se ""cuela"" como candidata al CGPJ"
20201103100000,https://www.larazon.es/,79,27.53,https://www.larazon.es/autor/fvelasco/,Francisco Velasco
20201103100000,https://www.larazon.es/,80,27.87,https://www.larazon.es/espana/20201102/7ylrscna65fo3lk6vlxqvlwxei.html,Un juez investiga al comisario clave de “Kitchen” por tres contratos sospechosos
20201103100000,https://www.larazon.es/,81,28.22,https://www.larazon.es/autor/tcalleja/,Tono Calleja
20201103100000,https://www.larazon.es/,82,28.57,https://www.larazon.es/opinion/20201103/o3hjcicz4zax5gqcgza3gakepi.html,Tomás Gómez: No estamos de “humor electoral”
20201103100000,https://www.larazon.es/,83,28.92,https://www.larazon.es/sociedad/20201103/3gtqikecgba5dmu7ob7iqjzpue.html,Calvo carga contra los comentarios “inapropiados” de Simón sobre las enfermeras: “Las mujeres
20201103100000,https://www.larazon.es/,84,29.27,https://www.larazon.es/autor/larazon/,La Razón
20201103100000,https://www.larazon.es/,85,29.62,https://www.larazon.es/espana/20201103/buqus2oypzgd3dh4rjfuqhrqmu.html,Simón calla ante las críticas por su comentario “sexista”
20201103100000,https://www.larazon.es/,86,29.97,https://www.larazon.es/sociedad/20201103/iglouqml5jfttdi3atvuul3al4.html,El Sindicato de Enfermería exige el cese inmediato de Fernando Simón “por su bajeza moral”
20201103100000,https://www.larazon.es/,87,30.31,https://www.larazon.es/internacional/20201103/p32mt4bjyrglffarxf7vzjnyri.html,Estados Unidos convierte las elecciones en un plebiscito al “America first”
20201103100000,https://www.larazon.es/,88,30.66,https://www.larazon.es/autor/jvaldeon/,Julio Valdeón
20201103100000,https://www.larazon.es/,89,31.01,https://www.larazon.es/espana/20201103/tcvkrcgownhvresxgh2hbyh3pq.html,"Elecciones decisivas, por Jorge Fernández Díaz"
20201103100000,https://www.larazon.es/,90,31.36,https://www.larazon.es/internacional/20201103/cjoelbrz5jhsnfiae6godtktki.html,"Trump, un francotirador en la Casa Blanca"
20201103100000,https://www.larazon.es/,91,31.71,https://www.larazon.es/autor/vjaklitsch/,Vanessa Jaklitsch
20201103100000,https://www.larazon.es/,92,32.06,https://www.larazon.es/internacional/20201103/3p5hzmwzavgotkprbya7dvlk5y.html,"Biden, un ""silver fox""sin magnetismo"
20201103100000,https://www.larazon.es/,93,32.40,https://www.larazon.es/autor/jvaldeon/,Julio Valdeón
20201103100000,https://www.larazon.es/,94,32.75,https://www.larazon.es/cataluna/20201103/tlamvhqctvbmnmz6eysx4vsoem.html,"Bonaventura Clotet: ""La mayoría de las infecciones proceden de los encuentros con amigos"""
20201103100000,https://www.larazon.es/,95,33.10,https://www.larazon.es/autor/vfernandez/,Víctor Fernández
20201103100000,https://www.larazon.es/,96,33.45,https://www.larazon.es/sociedad/20201103/p5gnbhqk5ng6diyhdjvab5layy.html,La mala gestión deja a España sin médicos especialistas
20201103100000,https://www.larazon.es/,97,33.80,https://www.larazon.es/cataluna/20201103/kbtfohchfjfcrflflsg5yoneje.html,Detectan 36 positivos en presos de la cárcel de Ponent de Lleida
20201103100000,https://www.larazon.es/,98,34.15,https://www.larazon.es/autor/larazon/,La Razón
20201103100000,https://www.larazon.es/,99,34.49,https://www.larazon.es/andalucia/20201103/4x25btr7cvb5bihibltp2ntzxa.html,Detenido tras destaparse en unas pruebas de Covid-19 que usurpaba la identidad de otra persona
20201103100000,https://www.larazon.es/,100,34.84,https://www.larazon.es/economia/20201103/kyzpcmgk2fdjxoqt4l424cecsa.html,Sánchez e Iglesias disparan a su récord histórico la precariedad del empleo público
20201103100000,https://www.larazon.es/,101,35.19,https://www.larazon.es/autor/hmontero/,H. Montero
20201103100000,https://www.larazon.es/,102,35.54,https://www.larazon.es/economia/20201102/7ig6wqaxwrcftcbnvxb6bfmw5q.html,Las cinco condiciones de los autónomos para adecuar sus cotizaciones a los ingresos reales
20201103100000,https://www.larazon.es/,103,35.89,https://www.larazon.es/economia/20201103/cwrufca2dfar5kyxs4upl5ynmy.html,España pierde 56.000 millones del turismo y 50 millones de visitas hasta septiembre
20201103100000,https://www.larazon.es/,104,36.24,https://www.larazon.es/economia/20201103/24ek3ydktfd25m6cavco2gpwzu.html,"Amancio Ortega, su hija Sandra y Juan Roig, los más ricos de España"
20201103100000,https://www.larazon.es/,105,36.59,https://www.larazon.es/autor/larazon/,La Razón
20201103100000,https://www.larazon.es/,106,36.93,https://www.larazon.es/salud/20201103/7sh5ftuc6ne7pdc2dtioxej5ve.html,La Covid-19 provoca un nuevo efecto secundario: hiponatremia
20201103100000,https://www.larazon.es/,107,37.28,https://www.larazon.es/autor/raquelbonilla/,Raquel Bonilla
20201103100000,https://www.larazon.es/,108,37.63,https://www.larazon.es/sociedad/20201103/65s6j2pabjd27mseijvh7guu2i.html,"El 80 por ciento de los españoles, en riesgo de contagio por usar la mascarilla demasiado tiempo"
20201103100000,https://www.larazon.es/,109,37.98,https://www.larazon.es/salud/20201103/4hxsvt3tajgxtpkk34ncohynmq.html,"La hiperglucemia eleva el riesgo de Covid-19 grave, aunque no sean diabéticos"
20201103100000,https://www.larazon.es/,110,38.33,https://www.larazon.es/cultura/20201103/ozyk5kdc2bfula6ajtlv7w62fi.html,"Manuel Azaña, el antipolítico que no evitó la Guerra Civil"
20201103100000,https://www.larazon.es/,111,38.68,https://www.larazon.es/sociedad/20201102/7hlmssy64jeetg7yfgj7k77do4.html,Madrid muestra el camino para atajar la pandemia: sus datos son mejores ya que en 12 autonomías
20201103100000,https://www.larazon.es/,112,39.02,https://www.larazon.es/autor/salonso/,Sergio Alonso
20201103100000,https://www.larazon.es/,113,39.37,https://www.larazon.es/madrid/20201103/ttypnm26nfdxjfo2tshekq4jea.html,Los madrileños cumplen
20201103100000,https://www.larazon.es/,114,39.72,https://www.larazon.es/sociedad/20201102/mym2zqpqnjgqvp7vabugjp3ksy.html,Estas siete comunidades superan los umbrales de “riesgo extremo” y están abocadas al confinamiento
20201103100000,https://www.larazon.es/,115,40.07,https://www.larazon.es/espana/20201103/scacp6r675hqfnoekd5gancdly.html,Decenas de mezquitas ilegales imparten el islam más rigorista para favorecer el yihadismo
20201103100000,https://www.larazon.es/,116,40.42,https://www.larazon.es/autor/jzuloaga/,J.M. Zuloaga
20201103100000,https://www.larazon.es/,117,40.77,https://www.larazon.es/internacional/20201103/mc76whwaanfa3ic7rh4fc66gwe.html,Daesh utiliza de nuevo una célula organizada en Europa
20201103100000,https://www.larazon.es/,118,41.11,https://www.larazon.es/gente/20201103/shqi4266xngrrh6x5kejvpf424.html,Ashley Biden: así es la antítesis de Ivanka Trump
20201103100000,https://www.larazon.es/,119,41.46,https://www.larazon.es/sociedad/20201103/lsgxv2wryfa6djhftecj2g2ita.html,La temperatura corporal media normal en adultos sanos ha bajado. ¿Cuál es ahora?
20201103100000,https://www.larazon.es/,120,41.81,https://www.larazon.es/autor/larazon/,La Razón
20201103100000,https://www.larazon.es/,121,42.16,https://www.larazon.es/internacional/20201103/vzud2axq3fd2rlz4oole5lhc6a.html,"Anatoly Moskvin, el historiador que robaba cadáveres de niñas y las convertía en muñecas"
20201103100000,https://www.larazon.es/,122,42.51,https://www.larazon.es/autor/pacodriguez/,Paco Rodríguez
20201103100000,https://www.larazon.es/,123,42.86,https://www.larazon.es/madrid/20201103/6uofpqwe3jalxjznm4dvflgqc4.html,Los búnkeres de Mata Espesa se izaron ayer con grúas hidráulicas y se cambiaron de ubicación
20201103100000,https://www.larazon.es/,124,43.21,https://www.larazon.es/autor/abartolome/,Andrés Bartolomé
20201103100000,https://www.larazon.es/,125,43.55,https://www.larazon.es/cultura/20201103/at2gm65fhrh2jls36mpz6mzf4u.html,“The Sun” contraataca: las 12 veces que Johnny Depp pegó a Amber Heard
20201103100000,https://www.larazon.es/,126,43.90,https://www.larazon.es/autor/cgarcia/,Concha García
20201103100000,https://www.larazon.es/,127,44.25,https://www.larazon.es/deportes/20201103/tci6ylblqrdkhjo2ksc3zd5jjq.html,10 futbolistas que se pasaron al cine
20201103100000,https://www.larazon.es/,128,44.60,https://www.larazon.es/autor/fitrujillo/,I. Trujillo
20201103100000,https://www.larazon.es/,129,44.95,https://www.larazon.es/ciencia/20201103/3g5cnolzordwznvrejpivkklvu.html,Hace 66 millones de años las algas se hicieron “carnívoras” para sobrevivir a la falta de luz.
20201103100000,https://www.larazon.es/,130,45.30,https://www.larazon.es/autor/icrespo/,Ignacio Crespo
20201103100000,https://www.larazon.es/,131,45.64,https://www.larazon.es/tecnologia/20201103/553cnmosjrcchdnxomy3yh3o5m.html,¿Qué pasará con los colegios tras la pandemia? Las clases del futuro cambiarán radicalmente
20201103100000,https://www.larazon.es/,132,45.99,https://www.larazon.es/autor/pdelcorral/,Pedro del Corral
20201103100000,https://www.larazon.es/,133,46.34,https://www.larazon.es/cultura/20201103/mkkvsjhcdvf3zblo2lk2nu2x7i.html,Virginia Hall: la espía que volvió loca a la Gestapo
20201103100000,https://www.larazon.es/,134,46.69,https://www.larazon.es/lujo/20201102/m3zbs57gunatxdq4uuueuverxa.html,Langosta: ¿Dónde podemos disfrutar de uno de los mayores manjares culinarios del mundo?
20201103100000,https://www.larazon.es/,135,47.04,https://www.larazon.es/autor/cgarciasoldado/,Carmen G. Soldado
20201103100000,https://www.larazon.es/,136,47.39,https://www.larazon.es/internacional/20201102/y4u7vc76fbbdtewjsbxel5xv7y.html,Irán comienza maniobras para probar la letalidad de sus aviones de combate
20201103100000,https://www.larazon.es/,137,47.74,https://www.larazon.es/autor/larazon/,La Razón
20201103100000,https://www.larazon.es/,138,48.08,https://www.larazon.es/internacional/20201102/ewcn2bhy3ndt7alzmhyt3wa5o4.html,¿Por qué Burger King pide a sus clientes del Reino Unido que coman McDonald’s?
20201103100000,https://www.larazon.es/,139,48.43,https://www.larazon.es/autor/aortega/,Alejandro Ortega
20201103100000,https://www.larazon.es/,140,48.78,https://www.larazon.es/internacional/20201102/vyrljane6bajvfuxlmm32uqydq.html,Italia impondrá tres fases de riesgo y el toque de queda para frenar la covid
20201103100000,https://www.larazon.es/,141,49.13,https://www.larazon.es/autor/imonzon/,Ismael Monzón
20201103100000,https://www.larazon.es/,142,49.48,https://www.larazon.es/internacional/20201102/p6sxucr4lfca5ih2ss6pt6rzza.html,Las restricciones abocan a un confinamiento en Europa: así actúa cada país
20201103100000,https://www.larazon.es/,143,49.83,https://www.larazon.es/autor/larazon/,La Razón
20201103100000,https://www.larazon.es/,144,50.17,https://www.larazon.es/internacional/20201102/a3q4nvjxizaptagypwkptwp4ui.html,Los Navy Seal se emplean a fondo para rescatar a un norteamericano secuestrado en Níger
20201103100000,https://www.larazon.es/,145,50.52,https://www.larazon.es/autor/larazon/,La Razón
20201103100000,https://www.larazon.es/,146,50.87,https://www.larazon.es/cataluna/20201103/7etdnhx7h5euzmiv7lyr4f2uki.html,Muere un joven ladrón en Barcelona al caer desde un tejado cuando intentaba robar en una empresa
20201103100000,https://www.larazon.es/,147,51.22,https://www.larazon.es/autor/jplanes/,Joan Planes
20201103100000,https://www.larazon.es/,148,51.57,https://www.larazon.es/sociedad/20201103/7ogsqlnbb5fxladd63trnlt7n4.html,Facua acusa a Dentix de intentar cobrar 830 euros a un paciente por extraerle un diente
20201103100000,https://www.larazon.es/,149,51.92,https://www.larazon.es/autor/salonso/,Sergio Alonso
20201103100000,https://www.larazon.es/,150,52.26,https://www.larazon.es/deportes/20201103/oidqe6yd3bdhxal3jzulgeoi4i.html,La felicitación de Georgina Rodríguez al hijo de Messi y la respuesta de Antonella
20201103100000,https://www.larazon.es/,151,52.61,https://www.larazon.es/autor/larazon/,La Razón
20201103100000,https://www.larazon.es/,152,52.96,https://www.larazon.es/television/20201102/54hpzljvqraxjfxsfybgdeqxuy.html,India Martínez cuenta cómo se fragua el dueto con Marc Anthony con Alejandro Sanz como cómplice
20201103100000,https://www.larazon.es/,153,53.31,https://www.larazon.es/autor/pnavarro/,Patricia Navarro
20201103100000,https://www.larazon.es/,154,53.66,https://www.larazon.es/tecnologia/20201101/waptxtvgbvhbtgvuhk43bj4blq.html,Las colonoscopias ya no serán como hasta ahora: este microrobot las cambiará para siempre
20201103100000,https://www.larazon.es/,155,54.01,https://www.larazon.es/autor/jscaliter/,Juan Scaliter
20201103100000,https://www.larazon.es/,156,54.36,https://www.larazon.es/opinion/,OPINIÓN
20201103100000,https://www.larazon.es/,157,54.70,https://www.larazon.es/editoriales/20201103/6jujfrbu7rh5fpdh3z3wjq34ou.html,Ya es hora de despedir a Fernando Simón
20201103100000,https://www.larazon.es/,158,55.05,https://www.larazon.es/autor/Editorial/,Editorial
20201103100000,https://www.larazon.es/,159,55.40,https://www.larazon.es/opinion/20201103/cdc5nennofhffbdatm7kg4xeiy.html,El odio progre contra Trump
20201103100000,https://www.larazon.es/,160,55.75,https://www.larazon.es/autor/fmarhuenda/,Francisco Marhuenda
20201103100000,https://www.larazon.es/,161,56.10,https://www.larazon.es/espana/20201103/tcvkrcgownhvresxgh2hbyh3pq.html,Elecciones decisivas
20201103100000,https://www.larazon.es/,162,56.45,https://www.larazon.es/autor/jfernandez/,Jorge Fernández Diaz
20201103100000,https://www.larazon.es/,163,56.79,https://www.larazon.es/opinion/20201103/o3hjcicz4zax5gqcgza3gakepi.html,No estamos de “humor electoral”
20201103100000,https://www.larazon.es/,164,57.14,https://www.larazon.es/autor/tgomez/,Tomás Gómez
20201103100000,https://www.larazon.es/,165,57.49,https://www.larazon.es/opinion/20201103/2xzojcz6hncxlpot7kpq3h7czu.html,La revuelta del coronavirus
20201103100000,https://www.larazon.es/,166,57.84,https://www.larazon.es/autor/ahernandez/,Abel Hernández
20201103100000,https://www.larazon.es/,167,58.19,https://www.larazon.es/opinion/20201103/goizfvclwvfg3c6jnhf6flcu2a.html,«En un viejo país ineficiente...»
20201103100000,https://www.larazon.es/,168,58.54,https://www.larazon.es/autor/jrivases/,Jesús Rivasés
20201103100000,https://www.larazon.es/,169,58.89,https://www.larazon.es/sociedad/20201031/asxa6sinabb4pbpr4tqnknr2yq.html,"Mejor ciudad, mejor vida"
20201103100000,https://www.larazon.es/,170,59.23,https://www.larazon.es/autor/larazon/,La Razón
20201103100000,https://www.larazon.es/,171,59.58,https://www.larazon.es/motor/20201029/c5q2nzy6drgoxofkabxayri5zu.html,¿Nuevo o de segunda mano? La importancia de tomar una buena decisión
20201103100000,https://www.larazon.es/,172,59.93,https://www.larazon.es/autor/larazon/,La Razón
20201103100000,https://www.larazon.es/,173,60.28,https://www.larazon.es/salud/20201027/ymqnhmia55gu3aaijvf7mxttju.html,Lentillas de calidad: mediante suscripción y por menos de 1 euro al día
20201103100000,https://www.larazon.es/,174,60.63,https://www.larazon.es/autor/larazon/,La Razón
20201103100000,https://www.larazon.es/,175,60.98,https://www.larazon.es/espana/20201103/lgu2zwwmjbgqliuxqn66imldgu.html,Las diez frases más célebres de Manuel Azaña
20201103100000,https://www.larazon.es/,176,61.32,https://www.larazon.es/espana/20201103/s5kkgruh2ne3hk27lxucdfj4dy.html,Calvo pide esperar hasta el 9 de noviembre para decidir sobre el confinamiento domiciliario
20201103100000,https://www.larazon.es/,177,61.67,https://www.larazon.es/espana/20201103/jgtlgnfexbdfdaksh42oz5sygy.html,El Congreso homenajea hoy a Manuel Azaña en el 80 aniversario de su muerte
20201103100000,https://www.larazon.es/,178,62.02,https://www.larazon.es/espana/20201103/znq2i2dofvbldirc2eovoa3a2a.html,Las comunidades presionan para empezar a confinar ya
20201103100000,https://www.larazon.es/,179,62.37,https://www.larazon.es/espana/20201103/qybgwbmbgzbrjg4s62h256bam4.html,El Gobierno rechaza un confinamiento total
20201103100000,https://www.larazon.es/,180,62.72,https://www.larazon.es/internacional/20201103/vzud2axq3fd2rlz4oole5lhc6a.html,"Anatoly Moskvin, el historiador que robaba cadáveres de niñas y las convertía en muñecas"
20201103100000,https://www.larazon.es/,181,63.07,https://www.larazon.es/internacional/20201103/nhrfq5yxafftfmtebwowfhmsuu.html,¿Actuó solo el terrorista de Viena?
