RUSSIAN,3011марта13,1
Chinese,跑男海外录制他的手机一直没闲着,25
ChineseT,解膩,24
ARABIC,гќўш,37
FRENCH,om18h32,5
ChineseT,metoo記者會,1
HEBREW,קונכיות,464
Japanese,前伊東市長を逮捕へ＝１千万円収,1
Japanese,適法でも対象,5
Chinese,曾舜晞时尚写真曝光,231
TURKISH,hazırlanıyorfilistin,8
HUNGARIAN,létesíteni,539
SLOVENIAN,703360,1
Chinese,大学新生可凭录取通知书购火车学生票,300
ChineseT,vivo在8大城市開了9家旗艦店,1
ARABIC,العراقانترفاكس,1
SPANISH,�reinas,64
Japanese,４チーム出場　田辺で１８日,72
ENGLISH,officersmeet,25
FAROESE,linjon,721
MACEDONIAN,часпедесетина,2
ENGLISH,5cd59cc54a91a,1
FRENCH,l4olgpismn,2
Chinese,海口双层巴士,133
Chinese,法院重拳打击网络诈骗,1235
Japanese,2キョン捕獲ロゴ募集に,11
ENGLISH,practices200862,1
Japanese,１０５０億円の評価,1
GERMAN,formationsclub,20
ARMENIAN,հարությունյանը`նիկոլ,3
BULGARIAN,пияница,1023
Korean,구굼된,24
FINNISH,hengästyneenä,5
ChineseT,需要請業代報價xc40,1
RUSSIAN,49026,29
Korean,베이직하우스는,2
SPANISH,cerrbk,4
ENGLISH,19406916,1
POLISH,mikroszicie,2
Chinese,范冰冰遭殃,60
SERBIAN,ekvivalente,4
CROATIAN,odobrene,1026
TURKISH,doğalsa,57
Chinese,好久没有见她穿这么可爱的衣服了,15
FRENCH,gillot ,851
UKRAINIAN,у компаніях,71
Korean,이보크ㆍi,72
Chinese,昆明机场至南亚东南亚国家通航点达34个,77
ENGLISH,tyaqqasrbswuuwfaxefsvcauvtx,11
RUSSIAN,очень личное,26
POLISH,zapolszczyznę,13
Chinese,老祖宗的院子里为什么喜欢放水缸,60
PORTUGUESE,5c47f5bda32e3,1
SPANISH,temporadadefestivales,24
ENGLISH,exetension,4
Chinese,昆明做腋臭医生讲解治疗腋臭的方法,1
ITALIAN,theope,1
Chinese,本文感情他说,1
ENGLISH,metapocyrtus,46
MALAYALAM,പട്ടുതാക്കുളത്തിൽ,2
Chinese,金州化工厂爆炸,5
ITALIAN,11272184478032445451,9
Japanese,7とz,60
GERMAN,italienseele,43
ARABIC,314521,1
Chinese,今后杭州西部用电不愁,13
Chinese,锦鲤卡哥,67
ChineseT,　挨罰60萬,20
ENGLISH,vsddapkgzq,44
Chinese,云论坛,25
ENGLISH,അഭിനയിക്കാം,1
SPANISH,ishinomori,133
FRENCH,politique3358,18
FINNISH,naapureitani,45
ENGLISH,girls60,4
Chinese,咖啡铝箔袋透气阀,2
THAI,ถูกกฎหมาย,661
Chinese,标准化建设势在必行,23
Japanese,tcf8pm32,1
RUSSIAN,культивируемые,48
Japanese,鐘楼に　沼田高,8
Japanese,１でブラジル破る2018年07月07日,1
SWEDISH,landslaget▸ fyra,1
SPANISH,destacados9192,2
ARABIC,الأمسقمة,105
Korean,많은 사람들이 사랑한다고 상처를 허락한다고 시작하는 이 책,180
Korean,여러분~하이헬로우안녕,2
GERMAN,153autofahrer,1
Chinese,酷玩创客空间6,444
FRENCH,460 000,705
Korean,문희준은,337
RUSSIAN,соблюдающая,77
ENGLISH,dreamhack822,1
RUSSIAN,счастливее122882,1
Chinese,6读史悟玄机,1
ChineseT,跑跑跑　遇上牠保證讓你想停不能停,4
RUSSIAN,вторички2213,4
BOSNIAN, 979sebija,1
Chinese,微听损,88
ARABIC,فجورها,493
Chinese,如果市场的预期成真,8
Chinese,黄淮江淮江南等将有强降水,24
SOMALI,caucus,412
Chinese,rw侠战队携rog游戏手机,70
DANISH,budgetmøde,156
SPANISH,pubga,5
Chinese,性侵多名尼姑,72
ChineseT,卻變成最大,1
ChineseT,北市校園驚傳槍響　警追查涉案11人,16
Chinese,运送金正恩食品飞机将抵达新加坡,39
ENGLISH,â€˜hypnotisedâ€™,1
ENGLISH,parasities,16
URDU,کوبیسل,27
SPANISH,jamesrodriguez,5
DUTCH,lindestraat,1579
ENGLISH,5d516930b14bc,1
DANISH,ansbæk,8
BULGARIAN,антиваксърското,7
SWEDISH,hastighetssänkning,3430
TURKISH,tepeleri'ni,1751
Chinese,日本财务省发布监管警告,96
ChineseT,4472找到啦,1
FINNISH,yksityistämishankkeen,46
ENGLISH,rasaad,2
CZECH,72158042,2
ENGLISH,knyazeva,2272
Chinese,田林贯彻农药新规,3
ENGLISH,of succulents,3
Korean,스냅딜,1
SLOVENIAN,29337,3
ENGLISH,closefurloughed,47
RUSSIAN,поживу,806
CZECH,40766,2
HEBREW,01יביע,2
SOMALI,個,2
Japanese,大型本,51
GREEK,29δανέλλης,24
PORTUGUESE,vywbluvgyr,1
DANISH,2eeve,1
TURKISH,itirafıyıllardır,21
Korean,진철군,45
SERBIAN,التركماني,2
Chinese,台国民党,17
RUSSIAN,333точь,2
ENGLISH,226975,1
BOSNIAN,class,8
ChineseT,陳明通盼戰略合作　韓國瑜轉頭求救,2
ChineseT,機電署呼籲停用15款,1
ENGLISH,jíloviště,9
SPANISH,destacados9063,8
DANISH,b91uzq,1
ENGLISH,phosphorylations,5
Chinese,莫斯科坚持进行,1
Chinese,重磅级文章解读心血管疾病领域研究成果,98
SPANISH,linux25,112
GERMAN,523funsummer,1
Chinese,厂家直销高分子聚乙烯链条导轨加工定制,1
ENGLISH,tragikus,547
Chinese,京津冀数十家景区暂时封闭,397
NORWEGIAN,beslutningetter,15
UKRAINIAN,великобританії загрожує,15
TURKISH,haberköprüden,140
ENGLISH,5d59872766238,1
RUSSIAN,52 сторонники,1
ARABIC,لشابلن,1
GERMAN,ländernamen,886
RUSSIAN,57стипендией,35
Korean,폭언사건의,27
Chinese,2018联发欢乐跑年底开跑,1
CZECH,romancová,2
Chinese,比特大陆一季度净利润亏损3,1
ENGLISH,eygnenhmdo,1
ENGLISH,177116,5
AZERBAIJANI,141643afad,1
Korean,y는,5147
ChineseT,看好他成為,6
Chinese,496画室课堂演示首播,1
Chinese,贵州织普高速夜郎湖大桥贯通,26
ENGLISH,205312,64
Korean,짖기,497
ChineseT,中銀航租再創上市高,1
ARABIC,فيرتين,2
Chinese,褚晓凡医生给患者王,8
GERMAN,pressefreiheitorf,21
DANISH,qqptm,1
TURKISH,karakaşemeklilikle,24
CZECH,přivezlo,11515
ARABIC,بأقارب,138
Chinese,ueditor使用记录,2
Chinese,把气球从街头玩上了央视春晚,16
ENGLISH,coastchelmsford,8
ENGLISH,bibshorts,4223
Chinese,苹果iphone给机会了,205
ENGLISH,softball14,11
GERMAN,10254gymnasium,1
POLISH,w skorupach,684
RUSSIAN,танкера1714,2
ITALIAN,'nis,198
Chinese,南非文化遗产日举行花车巡游歌舞表演华人艺术团体连续四年受邀参加,1
DANISH,dbzqe,1
THAI,มีคนมาซื้อบ้านเยื้องบ้านเรา,7
ENGLISH,everywhereexclusive,11
Chinese,芒果糯米饭的制作方法,70
Chinese,芯片股及软银上涨推动日经指数收高,2
ENGLISH,aerogmt,83
Japanese,唯一の移設先,8
ITALIAN,4tdaact8gu,20
DANISH,gorokuhdcp,1
GERMAN,frauenhaus22,25
Chinese,正清日广州逾106万人次拜山,27
DANISH,eh7,19
SPANISH,apob,101
GERMAN,mcwknanh,1
Chinese,比朗逸性价比高,56
DANISH,ahgdf,1
RUSSIAN,1561445974,25
Korean,남자역도선수권대회,1
ENGLISH,dvccbzsxfuvbufrvswcevvrqzxsyyuydsquc,8
RUSSIAN,затай,97
POLISH,przyczep ,187
Chinese,你忙去吧,40
RUSSIAN,1683224,2
RUSSIAN,ювілейна,2014
SLOVAK,elixírom,68
Chinese,无滤镜颜值引热议,7
ChineseT,三色小卷好吃又好看,24
ENGLISH,csw135,1
Chinese,哈尔滨食品安全感全国第五,67
RUSSIAN,в угледаре,8
DANISH,golfmaraton,17
ChineseT,修逃犯例爆爭議　泛民邀林鄭電視辯論,7
FRENCH,lansoprazole,4
ENGLISH,ibmhpc,1
Chinese,快船惊天逆转勇士,15
ENGLISH,tjokkers,806
Chinese,这个设置也是有技巧的,1
GERMAN,systemsï,75
SLOVENIAN,584949,2
FRENCH,technologien,2
Chinese,史敏身为党员领导干部,16
SPANISH,region21247,1
SPANISH,qrgscudv3m,9
TURKISH,operasyondeniz,2
PORTUGUESE,39982,1
Chinese,河源200多名,24
RUSSIAN,відвідав,6722
ENGLISH,aorusleague472,1
DUTCH,gepresenteerd2,1
Japanese,初のテーマソング決定　4月から,3
Chinese,智慧城市的物联网,310
RUSSIAN,зашкалюють,4
SWEDISH,brinna8,1
Japanese,07年に原子炉空爆写真new,1
TURKISH,fitnekârlık,58
Chinese,正对美方可能采取的措施进行评估,27
ENGLISH,yanalabulfailat,1
CZECH,70124701,6
Chinese,南山学府与南光路口,47
Chinese,我们来了场剪刀手的较量,25
ENGLISH,raway,2455
Chinese,简单有效的康复秘笈在这里,1
THAI,เปิดพื้นที่ในไอจีเชิญคนรุมด่าบันเทิง,20
GREEK,εϊιιι,315
GERMAN,kleinziegenfeld,16
GERMAN,selfiespieglein,184
ARABIC,زيدانالعزوف,22
ENGLISH,boatcheck,8
SWEDISH,fiick,20
RUSSIAN,подопечной‍,19
Chinese,棒奥能看长线吗,1
ESTONIAN,kassivideod,13
RUSSIAN,ди­зель­ны­ми,206
ENGLISH,168207,33
Chinese,835885,6
Chinese,子弹短信用户数700万,4
MACEDONIAN,часамандманите,8
SPANISH,financiero ,174
Chinese,福建宁德出台新政精准调控楼市,1
ENGLISH,परफ़ोर्म,3
Chinese,百日草多少钱四川1小时前35,1
GERMAN,07bundesamt,35
RUSSIAN,жировки78,1
ENGLISH,2019teencxyn,1
GREEK,αρχιετκτονικής,38
ENGLISH,scath,26
Chinese,搭载麒麟处理器的华为mate20更是在双十二勇夺3000元以上手机销量冠军,325
SPANISH,8pldakpr4i,1
Chinese,祝宏根来我市检查指导绿色殡葬改革工作,6
ENGLISH,tvqrhcz9eu,23
PORTUGUESE,improbidadedï,3
Chinese,江苏市场直纺涤短价格僵持,94
Chinese,用量明显下降,1
SPANISH,grillada,39
Korean,이지은,49625
ENGLISH,waspark,123
SPANISH,lluviasnodantregua ,1
SERBIAN,ремзијем,16
Chinese,有性生活后打hpv疫苗有意义吗,24
DANISH,snzxi,1
Chinese,和kika,18
ChineseT,駕駛人留意,2
CZECH,05841976,3
ENGLISH,loyalr7,3
HUNGARIAN,perceboszorkányok,2
ARABIC,219590,1
TAMIL,ரணவிரு,208
Japanese,フロント３点＋リア＋ステップ２点,1
Korean,쌉싸르한,359
ENGLISH,wente,32995
ChineseT,加盟商擬求償　一芳總部說話了,1
Chinese,一边集卡一边消除,96
HUNGARIAN,árulásból,63
RUSSIAN,шкловского,2322
Chinese,价格继续上涨,51
SWEDISH,industri33,1
Japanese,イーモバイル,17
TELUGU,చించేశాడుగా,199
RUSSIAN,жену12,34
GERMAN,34970,18
ARABIC,400698,1
Chinese,广东高考移民事件正调查,45
DANISH,dxsap,2
Korean,일본전략,4
ENGLISH,after harley,4
RUSSIAN,lestnicy,192
Chinese,你觉得黄金现在做多可以吗,2
Chinese,义乌网络营销推荐楚天软件,1
Unknown,8vcmll2goh,7
Chinese,董润年黄渤开启华语新类型,2
Japanese,クロアチア戦みどころ,1
CZECH,mmiqlxn,1
GERMAN,769krass6,1
HUNGARIAN,láncokra,47
TURKISH,42   devriye,8
ENGLISH,closescrub,65
GERMAN,anschlagdie,77
PORTUGUESE,aumentopauta,30
TURKISH,partiyeabd,10
RUSSIAN,бештаугорский,863
NORWEGIAN,22børstaper,107
Japanese,rs7451～rs7452,1
ChineseT,全球股市震盪,843
ARMENIAN,կոփում,16
ChineseT,肥肉直,1
BOSNIAN, 549prijedor,1
INDONESIAN,5d61007f7a1be,1
ChineseT,拘捕令臨門　16歲男攀窗危坐　談判專家面前飛墮亡,19
Japanese,lâ€™obiettivoâ€�,48
Chinese,儿童和家长一起了解民间文化,128
Chinese,mlxg衣服瞩目,2
HINDI,రిపోర్ట్,329
Chinese,基金销售机构大洗牌,19
HEBREW,מאסר71,8
Korean,5㎜짜리,2
DUTCH,eersteklassevoetbal,127
ChineseT,的懷孕消息讓全世界關注英國皇室消息的粉絲們興奮,6
HEBREW,האנחנו,10
HINDI,पत्नियों,17330
Chinese,这款神器让你随时满电在线,838
Chinese,７０项省级行政权力,5
ChineseT,逛instagram,138
Chinese,这些垃圾莫混进四色桶,27
SPANISH,andalús,47
SLOVENIAN,svibna,41
FRENCH,bodinï,27
ENGLISH,of narcan,70
GREEK,κυρτώνη,30
GERMAN,supermarktriesen,234
Japanese,同居の父親,1
Chinese,大连铁矿石跌逾4,5
ARABIC,وساعاته,31
FRENCH,xloqalrxrn,316
Chinese,广州共有产权购房者需按月缴政府部分租金,15
TURKISH,aquapark'ta,254
ENGLISH,kebtv2jipm,1
PORTUGUESE,4fatecs,1
BOSNIAN,15bivšeg,6
FRENCH,bjfukoglrr,2
ARABIC,iy1wx2yqpp,1
CROATIAN,panalja,30
NORWEGIAN,strømgjennomgang,22
TURKISH,þahveren,25
PORTUGUESE,engavetadas'assinaturas,2
ENGLISH,triathlonsilver,11
Chinese,却发愁嫁不出去,2
Chinese,聚合全行业数字解决方案,5
SPANISH,sucesosdetenido,5
GERMAN,flüchtigam,123
URDU,نیونیٹالوجی,4
ARMENIAN,15048,1
PORTUGUESE,1deputada,67
ENGLISH,2oqqlejgba,2
ChineseT,時程拖越久對賴越不利,38
Chinese,山东院士研发顶尖药只能在外地转化,12
RUSSIAN,учебникамобщество,2
ENGLISH,justicebangor,2
ENGLISH,770747,3
NORWEGIAN,septembernorge,72
Japanese,喜んだかな,19
ARABIC,إﺻﺎﺑﺔ,143
ChineseT,竟意外查獲改造手槍2019,1
CZECH,bm37,18
Chinese,积极促进台湾青年在大陆创业就业,87
TURKISH,kokori̇n,2
Chinese,强化责任刘浩主持召开襄汾县委中心组学习会议,3
Chinese,90趟列车临时停运,14
ChineseT,遭遇騙子連環套被騙近萬元,1
TELUGU,చ‌మ‌క్కులే,217
FRENCH,5crqrh2ezm,5
ARABIC, حيرت,2
ITALIAN,cobe9bxxhi,9
Chinese,11日金川公司上调镍价至101700元,1
ChineseT,幸福企業第一銀行扮月老,1
ChineseT,離奇病例,4
HEBREW,מתרוצץ,25
Chinese,mushkin发布source系列ssd新品,11
GALICIAN, na,16
Korean,1등인줄,180
SERBIAN,vatsapa,9
MACEDONIAN,часамајка,349
Japanese,v2807367,1
Chinese,阿卡丽被五人包抄越战越勇,24
Chinese,福利部门,2
Japanese,声優キ,3
FRENCH,toque,29026
ARABIC,دمشقأقرت,1
Japanese,客室乗務員の飲酒,10
Chinese,厦门今秋气温今日最低,47
POLISH,upuszczacie,2
ITALIAN,varadhan,19
RUSSIAN,121412,15
Chinese,小学生倒热水烫伤同学,1
Chinese,宝来降价促销优惠0,3
ENGLISH,jingfugong,6
ChineseT,溫碧霞入行三十六年,1
ENGLISH,evidence9h,1
FRENCH, bambipose ,3421
PORTUGUESE,5c724cccc35fe,1
SPANISH,han administrado,43
DUTCH,veroordee,16
GREEK,36στερεύει,4
ARABIC,تفصيليًا,348
RUSSIAN,цилиндр,11936
TURKISH,20gastronomi,15
Chinese,这次是在近千栋建筑减震上,27
ChineseT,加洛韋認為,1
Chinese,20181122你听我说,4
Japanese,セブン銀行登場前の銀行atmは,14
TURKISH,01480,3
Chinese,若到第一目标这边没有提示可以自行减仓,1
FRISIAN,&,13205
Korean,설현ㆍ선미ㆍ박신혜,96
FINNISH,vakaasti,957
PORTUGUESE,geralcorreia,67
ENGLISH,mtp501,11
ChineseT,電梯由16樓直墜9樓,1
Chinese,巴东勿刹关口好拥挤,2
Chinese,家具安装配件分拣机,16
RUSSIAN,загаром637027,1
GERMAN,mannstunden,116
RUSSIAN,с пятилитровой,74
NORWEGIAN,vanner,15589
ITALIAN,sparlante,31751
DUTCH,hoofdnieuwsgisteren2,24
GERMAN,117nature,1
ENGLISH,9840427093,72
RUSSIAN,959сергей,1
Chinese,​我国突破大型航天器回收关键技术,16
RUSSIAN,парашютом233404,1
ChineseT,旅遊超期待,47
POLISH,carnavalu,4510
Chinese,今年暑期游学十大新玩法,1
Chinese,lumia既视感,35
Chinese,就是做品质,4
Chinese,对象让人惊呆,47
POLISH,muyuri,1
Chinese,萧炎妻子咋来了,1
Chinese,前三季度股东应占亏损减少79,1
TURKISH,cumartesiliman,4
Chinese,重庆一男子因抢座持刀行,11
Chinese,5万余人次参与卫生大清扫,1
Japanese,静岡特別公演の先行販売がいよいよスタート,55
Chinese,打造创业摇篮,1
Korean,도고공단에,62
ChineseT,沙盒mmo,1
Chinese,中国国际移民报告,44
CROATIAN,magnar  ,31
FRENCH,mouhmed,30
SPANISH,8ksubscriber,24
Chinese,说法是本末倒置,39
Chinese,安洁科技孙公司拟逾900万收购苏州,1
Chinese,蒋介石曾因哪位女人,64
BOSNIAN,misuriju,2
POLISH,zrobisz,335146
Chinese,智能制造诊断,366
SLOVAK,europoslancom5 076,1
Chinese,我国与斯里兰卡加强工业领域合作,1
SPANISH,f95phjxhbp,8
Chinese,储蓄国债可以随到随买,245
ChineseT,中國7月社會消費品零售額yoy+7,2
Chinese,台男星遭日本女友控诉劈腿,1698
ENGLISH,ordeal tonight,1
ARABIC,وراديو,1368
Japanese,まとメシ神田の老舗イワシ専門店でランチ,6
UKRAINIAN,шa,2
Chinese,重庆燃气上半年净利略降3,1
DHIVEHI,ހެލްތު,1899
RUSSIAN,заранее3770517,2
ENGLISH,mixle,4
SWEDISH,asfaltbeläggning,11
GERMAN,kirschebaum,7
Japanese,クランプｇｒａ−６０−１２突っ張り可能開き６００ｍｍ,1
ARABIC,🔴ميلنر,12
Chinese,自停产停业次月起,16
DUTCH,seksueeel,38
SPANISH,guzmán28,6
FRENCH,4402,232
SLOVENIAN,gantarnovice,20
ENGLISH,business143187,1
Korean,인기영상어벤져스,134
Chinese,视觉中国股票连跌停,3
SLOVAK,½vozom,706
ITALIAN,giovinezza e,54
Chinese,s10系列发布后galaxy,1
GERMAN,will atlantik,24
FINNISH,tehovalvontajakso,50
TELUGU,ఇంద్ర‌కీలాద్రిపై,25
Chinese,用人贵,1
ChineseT,內少偶像羅比尼奧,24
FINNISH,vanhempiasi,12
AZERBAIJANI,1713060bu,1
RUSSIAN,умерла6497,2
Chinese,燕青生命中的两个重要的人,1
HINDI,अभय़,46
FINNISH,vaaratilanteeksi,34
ENGLISH,d31e,7
ENGLISH,279cr,1
ARABIC,نزاول,1
Chinese,签署执照协议,17
Chinese,下周行情或有重头戏,14
Chinese,严问,1
Chinese,醉汉按摩店内醒来拒绝埋单,5
Chinese,六一儿童游极地只要19块9,23
RUSSIAN,бевозмездно,61
HUNGARIAN,emlékkonferenciáján,1
RUSSIAN,крихинь,98
ARABIC,تفضي,11672
Chinese,诸葛亮爱用火攻之谜,14
Chinese,2019年一季度全国工业产能利用率发布,238
ENGLISH,midterms 02,8
RUSSIAN,ergashev,996
GREEK,δρόμοιστις,23
ChineseT,03歐股盤後─川普貿易立場軟化,1
Chinese,柯米克价格10,150
FRENCH,télévisés3755,2
ENGLISH,data1324,8
ARABIC,77505,1
Japanese,パプアニューギニアでマグニチュード6,24
Chinese,阿什河消除劣ⅴ类水体,44
Japanese,ダウンロード専用ソフト,23
ChineseT,日在任天堂,28
DUTCH,winkelvoss,219
ChineseT,大搞同性戀的事情,8
Korean,성황점,3
Chinese,看似平凡的一个小女孩,23
NORWEGIAN,fiskepanne,13
ChineseT,　遭女警當街壓制,1
FRENCH,cuarï,153
ChineseT,掉入神秘時空大錯亂,1
ENGLISH,twitter19125,2
Chinese,预防接种全链条作出全面系统的规定,26
ENGLISH,vido,3016
GERMAN,imagespezialversicherer,14
THAI,สิวหายพลันได้เร็วทันใจ,72
ChineseT,新加坡金門會館將邁入150週年,2
ENGLISH,weekmasaka,58
Chinese,正极材料龙头股价欲破近期新高,16
HEBREW,וקובאץ,20
ENGLISH,willgittens,18
Japanese,ステンレス　スーパーワゴン,1
THAI,อาชีวะส่งนักศึกษาฝึกประสบการณ์วิชาชีพประเทศจีน,34
Chinese,一年走村串户专念,154
ChineseT,受訪的百多名患者家長對類固醇有憂慮,21
FRENCH,newstead,511
BULGARIAN,242816,1
ENGLISH,championship15 hours,3
ARABIC,الخذايرية,65
Chinese,单线贯通,23
RUSSIAN,30памятные,20
ROMANIAN,5d572827a8643,3
RUSSIAN,казахэкспорт,127
Chinese,沿着父辈的荣光前行,15
BOSNIAN,68nepogrešivi,1
RUSSIAN,люгнер,100
ChineseT,可打破兩岸困局,42
BOSNIAN,5nasmijte,1
Korean,25만건으로,2
ITALIAN,archestrato,61
ChineseT,爺爺一開口絕,4
Chinese,并调高美国经济增长预期,1
Chinese,将给福建省带来较大影响,32
Chinese,单注奖金556万,1
Chinese,临澧一中,390
Chinese,曹操为何不选夏侯惇,3
Chinese,iot到底能带来什么,170
ITALIAN,benevento21478,1
SPANISH,mujerescannabis,3
THAI,ม็อบแน่นจนเลิกเที่ยวบิน,13
TURKISH,katıldıçeşitli,26
Chinese,很多与你的钱包有关,5
Chinese,助推组织收入,50
GERMAN,gina57,4
MALAYALAM,ഉരുള്‍പൊട്ടല്‍5,2
Japanese,温かい方,3
ENGLISH,ovgaf6hmgk,9
ALBANIAN,apologize,2
NORWEGIAN,undersøkelses,3171
NORWEGIAN,sabayonne,594
Chinese,金牌理财宣布暂停所有业务,166
RUSSIAN,44 008,3
RUSSIAN,морфеус,1293
ITALIAN,luggen,24
ITALIAN,ultimiarticoli2395,1
Chinese,团伙6人冒充香港人,1
THAI,ไม่อยากให้สงครามการค้า,21
ENGLISH,5d39edf0a1787,2
Chinese,五粮液上半年净利润93,39
SOMALI,75540,1
NORWEGIAN,amfetaminsak,273
Chinese,国家发改委调研灌阳红色旅游,116
CROATIAN,cirsteu,1
Chinese,筹建理财子公司等,1
Chinese,3战平战平拉齐奥,24
FRENCH,optionnelle ,167
ROMANIAN,tripleze,1497
Korean,선보여소리꾼,8
Korean,미세먼지를,84443
ARMENIAN,փոքրանում,482
ChineseT,英國研究指出自駕車如果以更有效率方式駕駛,10
POLISH,szczawiowi,3
DANISH,wzst,1
RUSSIAN,25разведгруппа,1
POLISH,cxakptqezn,5
Korean,중결혼,5
RUSSIAN,лонань,21
TURKISH,13comolli,9
Chinese,长阳地铁旁写字楼尾房在售,1
SPANISH,salpa,79
Chinese,导购四款合资主流家轿车,54
POLISH,54682,2
Chinese,特朗普欲取消出生公民权南北战争宪法成果受挑战,2
RUSSIAN,44клиентам,4
Chinese,男子打门卫后为脱身多次假摔,40
ChineseT,5濃度卻創5年同期最低,20
SLOVENIAN,mikrozemljevidi,25
ChineseT,媽媽手洗與陽光嗬護,1
ENGLISH,teampaul,14
VIETNAMESE,comey,6735
UKRAINIAN,віддaти,71
ARABIC,hémisphérotomie,1
ChineseT,員林親子餐廳,6
NORWEGIAN,recidence,28
Chinese,人们需要通过娱乐来缓解压力,145
ENGLISH,israel16,8
Chinese,大湾区来了,48
GERMAN,ugvs,1
ENGLISH,蘇貞昌過年紅包曝光,2
ENGLISH,5father,398
Chinese,南部战区空军地导某旅实战化防空演练掠影,284
Chinese,教你做个好人,5
RUSSIAN,1317705,1
ARABIC,бћжёїџё,40
ENGLISH,unique23ï,1
ENGLISH,unhr,3459
Chinese,美方无端指责中国侵犯人权,337
ENGLISH,mondayâ of,4
Chinese,让中国丧失了印度洋出海口,1
SPANISH,sociedad15099,2
POLISH,podkreśliłeś,2
Chinese,房地部财部国行佳节后商讨,2
Chinese,川普征税瞄准欧盟市场引发震荡,1
TURKISH,özkaleeğitimci,2
MARATHI,ठरली,463
FRENCH,loiretélévision,46
RUSSIAN,шамкоэкзамен,2440
GUJARATI,ફટકારતો,304
Korean,공주관내농협,22
GEORGIAN,გიუშას,2
MALAYALAM,മേഘാലയയിലും,125
CZECH,qabool,9
Chinese,将现行证券法关于证券发行的专章规定作为,5
SPANISH,shortener,388
ITALIAN,posizioni,929260
RUSSIAN,земля57,25
ENGLISH,kerrymen,1842
Japanese,専任担当チーム,19
GERMAN,floriankids,4
ARABIC,قَمَرِي,48
Chinese,首秀20分钟打进两球,44
INDONESIAN,discloses,12
DUTCH,brac,5081
Korean,당일캐쉬지급,99
ChineseT,不上領獎台只能讓霍頓顯得更矮,22
Korean,자유공정,18
ChineseT,但醞釀已久的red,43
AZERBAIJANI,322512,1
Chinese,尧都区召开12月份安全生产工作例会,313
ChineseT,美國關於返回談判桌條件的聲明旨在使俄羅斯忽視華盛頓開發中程陸基導彈的真實計劃,3
FINNISH,ponttoonilaituri,14
MALAYALAM,വീ​ണ്ടെ​ടു​ക്കും,13
ChineseT,宜保守布局,1
MONGOLIAN,туркмен,72
RUSSIAN,шофера от верной,2
Korean,유방증의,192
ChineseT,楊恩轉戰金塊自嘲像菜鳥,2
ChineseT,並於洗街車後方設置空氣品質指標現況告示牌,1
ChineseT,dara更新與minzy合照,4
Chinese,十堰这个学校了不起,25
SPANISH,1143091359638855680,8
Chinese,514期,499
Korean,추적하려면,7
Chinese,邓超反省,19
ENGLISH,tempofsu,6
Chinese,南和元宵节亲情味儿十足,1
ENGLISH,dbtydb,12
SLOVAK,sviatok10 420,1
ROMANIAN,5d3536e3d6127,1
ENGLISH,panel15,1
HEBREW,ברחובותיה,389
RUSSIAN,сыронизировала,313
RUSSIAN,721221,1
Chinese,广发证券信用衍生品业务获批,64
RUSSIAN,киселева1295,1
THAI,ให้คุ๊กกี้ทำนายกัน,5
SERBIAN,priklju,380
Japanese,おしゃれ通販,1
Chinese,广西隧道逃生管道,18
PORTUGUESE,variedades179,18
Chinese,然而结果却,26
Korean,2018명에,27
Chinese,不能错过的极光体验,274
Chinese,穿蓝毛衣裙温柔似水,2
ENGLISH,5d69137d3ee0b,1
THAI,ฟันไม่เข้าที่,26
SWEDISH,flyktingpolitiksara,49
Chinese,中国移动家宽,18
GREEK,856followers,58
Chinese,只扇了对方一巴掌,3
Chinese,百余名高手在洞头海钓,25
MALAYALAM,അടച്ചു 3,1
GERMAN,6420die,1
Chinese,树木折断躺在路中央,17
ENGLISH,interactivecan,3
NORWEGIAN,hallmaker,10532
PORTUGUESE,17h33barcelona,1
NORWEGIAN,49norgesjenerøs,32
CZECH,z piva,38
GERMAN,perfek­ter,20
Chinese,7075超厚铝板价格行情,1
SPANISH,salutaciones01,33
Korean,국교회복,45
ENGLISH,particolar,1
GERMAN,trassenalternativen,23
Chinese,洗牙有害,178
Chinese,囚虎影院,1
KYRGYZ,ээрчип,281
Korean,50억원규모,32
Chinese,立即拆,73
DUTCH,afstandâ€™,517
ENGLISH,theglobaluniter,1
MACEDONIAN,конституирањето,6
GERMAN,finalejemals,6
SPANISH,mbuscas,1
ITALIAN,epatobiliopan,1
ENGLISH,2199548c4ece4d6107ff,1
ChineseT,比亞迪1月新能源車銷售增近3倍,2
FRENCH,alphatesto,6
SLOVAK,otázok68 440,1
Chinese,去年重庆全社会研发支出364,11
GERMAN,massenschläg,3
ENGLISH,jazz33,7
Chinese,亮相北医三院,2
RUSSIAN,медиа65408,1
GERMAN,farmerprotest,23
RUSSIAN,stal333,1
ESTONIAN,rahunemisele,1
Chinese,看到二线城市房价直逼3万,119
ENGLISH,marge,76220
Chinese,上海智慧城市,232
ENGLISH,pprograms,20
Chinese,柔登足球员马运会殴斗,1
ENGLISH,beauty62580,1
SERBIAN,čelebonovića,68
Japanese,松本薫さんとトークショー,708
RUSSIAN,суперига,1
POLISH,75559,1
Chinese,三峡武警举行冬季反恐野营拉练,35
SLOVAK,najle,8
THAI,ประธานบอร์กโดซ์,1
DUTCH,retrofit,3397
HUNGARIAN,fitneszversenyen,134
Chinese,塔利斯卡强搂黄博文欢笑,19
ENGLISH,allenbwest,422
CZECH,01476335,1
ARABIC,والقضائية,4029
SPANISH,desmitió,396
SERBIAN,kristininih,13
ROMANIAN,34constanţa,1
Chinese,北京只排第三,4
ARMENIAN,վեբեր,45
ChineseT,收購jri,28
URDU,50ڈگری,15
Chinese,撞伤老人惹出祸,339
Korean,중국영화제,256
ENGLISH,benificiary's,3
RUSSIAN,арыси12348,2
HUNGARIAN,fsockopen,1
Chinese,已接收款物2370多万元,24
Chinese,杀死老婆后被长期威胁　男决定再杀女友,10
ENGLISH,zeus168610,1
Chinese,凤城八路,569
NORWEGIAN,sensommervarme,197
RUSSIAN,tvari,18
ITALIAN,appassionati30,71
THAI,รัฐสภาอิเหนา,2
ENGLISH,bidenrefinery29,1
Japanese,これが法治社会,24
ENGLISH,boot design,82
TURKISH,3atletico,33
VIETNAMESE,tekes,78
Chinese,以严和实的精神绘就新画卷,22
ChineseT,高中生在週記開講,1
CZECH,závidìt,192
BOSNIAN,gorapronađen,1
ChineseT,運動家主場驚奇之旅,476
Chinese,常州奔驰失控事件,25
ChineseT,微笑傳達幸福與信任 ,24
ENGLISH,cans34,1
ENGLISH,gwvcnsshxi,1
RUSSIAN,божко,39249
TURKISH,visibility23033,9
Chinese,现场哭喊,11
PORTUGUESE,prensada,5112
ENGLISH,kaodem,1
HINDI,मकेअप,39
MALAYALAM,സംഭവങ്ങളൊഴിവായത്,12
Chinese,西部新变化,1
UKRAINIAN,світлотіньове,6
Chinese,防火黑色lcp加纤30,1
Chinese,80后90后成为职场主力,26
ChineseT,2018校園徵才,16
Chinese,只能轻仓了,1
Japanese,防潮堤を視察,24
ChineseT,gd的百分之一,23
FRENCH,17h20pays,4
ITALIAN,5d3ae26f1ce6b,19
ChineseT,popo 編輯,98
ARABIC,'فخر,47
Chinese,打造特色鲜明国内一流的民办高校,22
Chinese,让凉山成为安居乐业福地,24
Chinese,滕博尔是澳洲近10年第6名未完成任期就下台的总理,103
ENGLISH,jun 30 at 9,2059
Japanese,キャサリンのサイドラ,2
NORWEGIAN,podkastjeg,4
Chinese,奥迪s3直降9万,24
SWEDISH,exklusivför,35
ITALIAN,65217,3
ChineseT,38歲單打王強森傳復出,2
GERMAN,generationenkonflikt­,1
TURKISH,tuncerumudunuz,28
Chinese,我国11月份人民币贷款增加1,141
MALAYALAM,വിശ്രമശേഷം,20
SERBIAN,nastajanje,767
Chinese,西安早期的网红景点源于唐代,1
GERMAN,15heinz,30
ENGLISH,linzkesselman,16
ChineseT,派人去警方要照顧我們　警方已好唔夠人,25
Korean,국제예술,221
ENGLISH,procontour,18
TURKISH,fenerbahçepenaltı,1
RUSSIAN,39консул,3
GERMAN,paragr,111
RUSSIAN,09градоначальник,2
TURKISH,lai̇kli̇kti̇r,123
ENGLISH,tat�,3
ITALIAN,news64845,1
ENGLISH,satoct27,22
PORTUGUESE,coremense,107
POLISH,usiadziesz,1
ChineseT,韓國瑜籲李永得一起為高雄打拼,2
CROATIAN,95599,1
ENGLISH,wholesale1,4
Japanese,佐喜真淳氏,54
Chinese,国家电投在青海电,25
ENGLISH,applications3168,9
TURKISH,çiçeki̇srail,72
ChineseT,是客家人主要信仰,13
Japanese,statcounterの2月分windowsバージョン別シェアデータ,44
TURKISH,sakodef,41
Chinese,这4种美味,11
GERMAN,optantenfamilie,13
Korean,첫해조규일,22
DUTCH,bosrandbrug2,2
ChineseT,ddr3200,387
ENGLISH,outlaw12,1
Chinese,杨冬大夫收到了h,1
UKRAINIAN,29тисячі,58
POLISH,pożarzetatarska,3
DANISH,transportfirma,1376
GREEK,шоу,1
ENGLISH,rgulations,7
HEBREW,מהצועדים,8
SWEDISH,biografvänliga,5
ENGLISH,2jgpbcc,27
Chinese,是这是很大很大的托特包,9
Chinese,实力小花孙艺宁亮相金海鸥国际新媒体影视周,40
UKRAINIAN,94 946,1
BOSNIAN,zalede,15
Chinese,市级机关第九届体育运动会开幕,16
RUSSIAN,випередив,303
SWEDISH,borgen18,1
Chinese,全年核心盈利341,3
PORTUGUESE,vitoriosos21,1
ENGLISH,knuggq0qx0,1
ENGLISH,outdoors44966,1
Chinese,黑龙江鹤岗市食品药品监督管理局食品生产监管科对辖区内的食用植物油生产企业进行了专项检查,22
Chinese,明星天价片酬要,45
Korean,난징대학살,1151
Chinese,并可能再次浮现欧元兑美元eur,2
SLOVENIAN,dogovora0,8
ENGLISH,mfa1hoxoxp,3
Chinese,到春运一线去,17
Chinese,很多人可能不知道甘油三酯是什么,18
Korean,결렬위기,565
ChineseT,再度確認否決義大申請的258億國家賠償,8
ENGLISH,driven6,29
ChineseT,新色推出,6
Japanese,ユーザベースグループ,1
GERMAN,hakenschwingt,5
BULGARIAN,загасиха,140
RUSSIAN,58петрозаводчан,3
Chinese,机器人顾问,20
PORTUGUESE,eleitorpara,27
RUSSIAN,стихийуходят,1
Chinese,扬州籍配音演员再进特校让视障儿童用,15
SLOVAK,manželku,34889
FINNISH,sakkara,408
THAI,ย้ำห้ามชุมนุม,2
Chinese,产业结构不平衡,39
Chinese,中国军舰突访澳洲　军人大搬奶粉面膜上舰,16
Chinese,定制弧形铝方通,26
ENGLISH,everynote,20
ChineseT,邊境口岸體溫檢,13
Chinese,机身重量,1
ARABIC,منشغلون,4970
UKRAINIAN,лук'яненком6,9
ENGLISH,pending25,1
Chinese,八代酷睿新i3首发评测,149
RUSSIAN,pkht,15
ChineseT,愛奇藝違法租伺服器,1
Japanese,girlへの思い語る,4
SLOVAK,dňoch43 635,2
RUSSIAN,роскомнадзор за,940
ChineseT,日間溫差達9,6
RUSSIAN,562ирина,2
Chinese,纸条手工,1
ChineseT,紐約大學中國畢業生,24
SWEDISH,skönhetsgranskningensvt,13
ENGLISH,2lpxrxc,5
Chinese,拔草明星的超强安利,2
Chinese,完美时尚尽显夏日清凉,119
ENGLISH,socavado,172
GREEK,opinion2308,1
Japanese,松坂以来のデビュー戦先発勝,9
Chinese,纯属怂货的嚣张,60
HUNGARIAN,1246066,1
GREEK,δώσαμε δυο,37
Chinese,上海上电2018年度,3
POLISH,100891,32
PORTUGUESE,279265,45
Chinese,不胜悲痛,71
POLISH,express13,1
Chinese,4473人围观,7
POLISH,â€žcentrumâ€,2
Japanese,豊かさの発信者となるまで,116
ENGLISH,law'25,1
Chinese,现货德国e+h恩德斯,1
Korean,출장갔다,9
RUSSIAN,к частичному,55
DUTCH,fashiontussen,195
SOMALI,ogaaw,853
Korean,사회단체와의,1
CROATIAN,orehovice,213
Chinese,看到1个月后的她,1
ChineseT,25  恒指期貨 ,97
ENGLISH,vpx3u,2
ChineseT,臺大實驗林,8
Chinese,现在去办可以吗,2
RUSSIAN,опускные,65
Chinese,越1000功力反胜,31
VIETNAMESE,acres,93
Chinese,2月22日国内进口钛矿港口库存下降5,1
Chinese,一步一步打造爬虫代理池,6
Chinese,北京上海2017年土地纠纷案数量同比,1
Chinese,的大牛股还有哪些挑,4
ChineseT,　每週里長座談固基層,1
RUSSIAN,бирофельдского,14
UKRAINIAN,поділитися кров,53
ENGLISH,north1364,10
ENGLISH,life3199,3
AMHARIC,በምን,988
RUSSIAN,pkparis,3
ENGLISH,152happy phirr bhaag jayegi,2
Chinese,学习省委十一届五次全会精神,6
ITALIAN,delluomo,13
Korean,성평등전담팀,90
THAI,เจ้าคิ้ว,34
DUTCH,toonaarden,1406
CZECH,27960161,1
ENGLISH,curbs repaired,18
RUSSIAN,ютюзне,1
ENGLISH,fazubuike,2
BENGALI,ইউপিডিএ,35
Korean,산다전광민,24
DUTCH,drbc,1
FRENCH,domestiques en,362
ChineseT,是中國大陸第一個開通,4
ChineseT,美女星梅根婚紗,7
Korean,replication,37
Japanese,両口ソフトハンマー,3
ITALIAN,marina6989,8
TURKISH,yapıtın,759
Japanese,類人猿ボノボ観察中の事故で提訴,5
ChineseT,最難吃泡麵激推它獨占鰲頭,4
POLISH,chwapia,1
ChineseT,獲北市文化局譽揚　朱宗慶樂團打造互動貨櫃回饋,36
POLISH,'nina',6
Chinese,继续量价齐跌趋势,24
Korean,예천배종찬,94
ChineseT,未真正和解,1
TURKISH,küskünlük,2163
Chinese,广电计量2017年营收8,25
THAI,มูซู,26
Chinese,不管是支持还是反对的声音都可以停一停了,17
Chinese,北京pk拾赛车开奖直播,5
CZECH,49328484,22
BULGARIAN,652417,1
ENGLISH,مجوز,30
SPANISH,59  finalmente,2
ITALIAN,crepano,99
ENGLISH,للمُسنّين,338
RUSSIAN,36образование8470,4
RUSSIAN,уров­не,987
Japanese,今の社会の閉塞感,24
GERMAN,verschlaft,94
SPANISH,i2v,268
GERMAN,dezemberzinshammer,73
Chinese,高考考试期间考生可免费乘坐地铁,68
RUSSIAN,ставропольем6,1
HINDI,जिम्बाम्बे,29
HUNGARIAN,magasan rekedtek,53
Chinese,ces4,12
POLISH,dostawcą,34299
ENGLISH,vk4soe,4
Japanese,独自資料を作成,11
GREEK,stamsted,3
Chinese,元宵节舞僵狮子忘记塞耳朵,12
RUSSIAN,трансляцииглава,83
ITALIAN,rwaqgst,1
RUSSIAN,и с признаками,136
THAI,รวม18คนปฏิบัติหน้าที่มิชอบฯ,1
Chinese,0748柯文哲自爆,2
Chinese,金灶时令水果熟了,24
Japanese,あいみょん新曲フルサイズをfm802で,2
Chinese,多元化布局迎接新挑战,31
Korean,혁명가였을까,646
SPANISH,macroope,64
ENGLISH,emico,213
Chinese,济宁市任城区鑫隆工矿配件厂,4
RUSSIAN,гравировальные,4287
Chinese,卡塔尔淘汰韩国,89
Chinese,机构媒体影响力6月榜公布,16
Korean,빵신,2
Chinese,广东4批次蛋糕,23
ARABIC,احتيوش,102
TURKISH,0810183345,4
GERMAN,rennencaca,195
Chinese,对金正恩年底访韩的各种可能性持开放态,23
Chinese,1500余场新春文化旅游活动将精彩亮相,147
Korean,사운드디자이너,67
ENGLISH,ரீகேப்,7
Chinese,匡卫平医生给患者罗,1
ChineseT,12366,6
POLISH,mediatorki,64
Japanese,大会には,13
ENGLISH,haymarketcafe,719
ARABIC,بوجعران,30
ENGLISH,4326a4326httpsfuryvsschwarzscomcatalangrandprix2019,4
DHIVEHI,އަޅަންފަށައިފި,3
Chinese,海贼王最新细节,1
ROMANIAN,07explozie,2
ENGLISH,podvinski,1
ENGLISH,5608vr,437
TURKISH,2akmek'i̇n,3
POLISH,ite,400
DANISH,cjjkt,1
FRENCH,8333x,1
RUSSIAN,султане923,2
ChineseT,恒指跌0,30
Korean,중증장애인생산품생산시설이,45
UKRAINIAN,спустошеної,108
SPANISH,en perú por,17
Korean,7aml교육의무,12
ChineseT,這台提款機,26
HINDI,ಮುಕ್ತಾಯ,92
SERBIAN,56helena,1
Chinese,浙江省纪委省监委消息,10
LITHUANIAN,3814,20
TURKISH,anlamımız,2
POLISH,63248,1
GERMAN,uhrfinden,7
Japanese,二審は減刑new,1
SPANISH,politica2272,61
POLISH,45wygl±da³,7
Korean,흑자영업을,211
ALBANIAN,bota4461,1
Korean,양준우,109
Chinese,以此为起点打开中国与世界在新时代的新桥梁,2
DANISH,0y2br,1
HUNGARIAN,üveglábakon,107
Korean,경북드림밸리,51
SLOVENIAN,kazni              bled ,16
TURKISH,andıyunanistan,17
Chinese,温州市生态环境局正式挂牌成立,74
ChineseT,尋找人生保可夢 ,2
HUNGARIAN,demográfus,179
SLOVAK,porozmýšľať6 127,1
BOSNIAN,postigne,412
CROATIAN,++106000,2
ChineseT,遊客駐足打卡入內奉茶,1
ENGLISH,tos's,6
TELUGU,sowings,1
Chinese,镑美早间操作建议,3
Chinese,男友不愿分手,3
ENGLISH,afice,1
PORTUGUESE,mitsubori,26
Chinese,20周均线对指数有力支撑,18
ChineseT,為駕駛人健康把關,1
ENGLISH,uhdzy2erfb,1
ChineseT,老公都冇埋,32
ChineseT,就由民眾因為照相而受傷,14
ChineseT,車輛國道故障可罰款,1
ENGLISH,322962,1
TAGALOG,nagsama,275
GALICIAN,umia,84
Korean,김부각+간장게장밥,31
Japanese,英語名スプラトリー,2
Chinese,加国男子24老婆149娃,77
Chinese,山东海警局,12
Chinese,关于山西省2018年普通高校招生艺术类音,6
Chinese,雪佛兰全新suv预告图曝光,264
Korean,진로가이드도,2
TURKISH,aldandim,5
RUSSIAN,мирквартир,2422
ARABIC,t2ypbfsbve,9
ENGLISH,summersdon,46
ChineseT,挨告背信,1
GUJARATI,rd,371
LATVIAN,killeriem,5
Chinese,眼肉牛排10片1,5
RUSSIAN,450664,1
FRENCH,401532,4
Unknown,f7bbd9f9rr,2
Chinese,是枝裕和娄烨新片角逐,4
ARABIC,الحبيلي,12
Korean,콩고에서,618
HUNGARIAN,ipartelepi,164
Chinese,永远告别,1
Chinese,国粹展文明,195
Chinese,受邀在世界哲学大会放映,76
Chinese,飞入十堰市民家,47
FRENCH,3rkhppugbk,2
ChineseT,專訪張曼娟,134
Chinese,2018年全国社会工作者考试｜答案+85912137真^题,2
ENGLISH,polishing,123356
POLISH,uroczystościna,12
HINDI,हुँआ,698
Korean,재부상한,69
Chinese,因采购俄军事装备而无惧美国制裁,20
RUSSIAN,171745,2
Chinese,明年起四至六年级小学生,8
Chinese,2018年4月26日大连豆油期,5
THAI,เพชรจ้า'รับแยกเตียง'นิวเคลียร์'จริง,26
ENGLISH,5c48829a2638f,1
Chinese,妻子协助民警从旁劝说,2
ChineseT,將傳召57人作供　控方開案陳詞,19
ChineseT,鈕承澤換律師,4
FINNISH,yövedellä,20
Chinese,曹妃甸至唐山实现43分钟通达,209
Chinese,聚星易荣膺2019年度最佳,1
SERBIAN,960093,1
GEORGIAN,რესპონდენტი,370
ENGLISH,s53dnuekas,12
Korean,㊻,753
KURDISH,بلباوی,91
Chinese,错失小白是整个中超遗憾诸强夏窗成看客,1
Chinese,永泰大洋至城关建新公路,23
ChineseT,新賽季最不可能發生的十件事,1
ALBANIAN,leshtë,44
ChineseT,還燙燙要,1
ITALIAN,ascoltano',5
FRENCH,januss,160
HUNGARIAN,eli,2829
SPANISH,frizon,71
UKRAINIAN,сироід,18
GERMAN,wegnachricht19,6
FINNISH,kunnallisissa,6
FRENCH,séquéstrés ,23
ENGLISH,enovos,713
Korean,경기재난본부장에,1759
Chinese,送限量版手提袋,23
Chinese,在救人中　归正一思一念　走过劫难二零一八年八月二日晚上,24
ChineseT,整個太突然讓網友全嚇,2
POLISH,neofaszystę,66
TURKISH,aklandıyıllarca,4
ARMENIAN,15մեծ,41
THAI,พระนครยิ้ม 7 โมงเช้าช่วยเก็บขยะคนละชิ้น,14
Chinese,一群野狗将羚羊掏肛成,14
TURKISH,34pubg,1
Korean,인네쟁,3
ChineseT,要塞英雄電競獎金彩池達1億美元,6
SWEDISH,linköping toppkandidater,1
ENGLISH,31015krare,1
Chinese,下面小编具体给大家分,73
TURKISH,çavuşoğlu'den,1
POLISH,zrekonstruowana,1451
ITALIAN,intrattenimento1617,23
RUSSIAN,статистике19,7
ChineseT,43976觀測機殘骸沉睡山中40年,1
SWEDISH,57lokalt,1
ICELANDIC,½alpersï,6
CROATIAN,oldest,30
Japanese,ms社員が抗議,6
Chinese,82790280,1
DANISH,njuu,1
RUSSIAN,ухватиться,1057
Chinese,增城人怒了,8
ENGLISH,ftcyoutube,3
BULGARIAN,линейният,967
Chinese,为什么那么多公司想聘请他当董事长,25
Chinese,法律有哪些规定呢,2
PORTUGUESE,zr2240w,1
Chinese,张玉玺提出377万国家赔偿,24
CATALAN,i macron,36
ENGLISH,rosby's,1
THAI,เพื่อไทยโวยปาหี่ยื้อเลือกตั้ง,5
ESTONIAN,investoreile,1
Chinese,日军对抗日根据地持续扫荡,16
HUNGARIAN,túloz,241
FRENCH,  fekir,37
FRENCH,coureurs ,4
ENGLISH,alimentul,5
CATALAN,beso,93
ChineseT,¥~¸ê179,1
CROATIAN,💪💪🇭🇷️🇭🇷,2
Chinese,九江市鹤湖学校三年级开启研学之旅,1
Japanese,★アーモンドミルクdeフレンチトース,18
Chinese,sentix投资者信心指数的介绍,9
ChineseT,喊出成人限定,16
HINDI,à¤®à¤¾,246
INDONESIAN,zodia,5
ENGLISH,5d57ed0f88985,5
HINDI,24124cc,1
Korean,읍면소재지배후마을,190
ChineseT,還喜歡bts,1
ITALIAN,'nuotiamo,108
Chinese,李诞谈娱乐圈拍马屁,27
ChineseT,府會再協商,1
ENGLISH,culcup99te,2
THAI,มหาดไทยชง,30
Chinese,神钢sk480lc,42
Chinese,对礼仪的教条化理解,48
FRENCH,zubwjv6bw6,15
NORWEGIAN,40air,1
ChineseT,情感點,2
Chinese,男子与友人相谈甚欢竟不知前方道路已畅通,5
SWEDISH,inbyttkroatien,20
RUSSIAN,щорса226,1
RUSSIAN,2932563,1
SPANISH,princioales,70
ITALIAN,keltoi,9
Japanese,　３連敗免れ笑顔,9
Chinese,人均可支配收入首次突,77
TURKISH,08şanlıurfa'nın,3
Chinese,黑魂重制版公布预告片,70
Chinese,上雪域高原,7
DUTCH,guyana's,187
PORTUGUESE,estádiodetetados,1
ENGLISH,mirial,27
ENGLISH,buzzerafter,47
Chinese,筹款10月7日,1
RUSSIAN,у хабенского2,6
HEBREW,הוענק,28176
Chinese,宿迁启动志愿服务,45
ARABIC,وشوافع,55
ITALIAN,di savona,22
Korean,총30팀,14
Chinese,王殿民的固镇情,30
ChineseT,致力於公平交易,73
Chinese,美味又方便的早餐糕点,23
Chinese,应该建设怎样的美好生活,161
Korean,헬스케어에서는,2
Chinese,禄丰县人社局六项措施确保农民工工资不拖欠,332
SLOVENIAN,vagi,99
Korean,성게같음,3
Korean,坷沥秦,77
Korean,570으로,4
TAMIL,விழிப்புணர்வு,11101
Chinese,坚决落实巡视整改任务,33
Chinese,超显白的绿色穿搭一定要,3
GERMAN,unissent,6
ChineseT,阿富汗自殺炸彈攻擊　逾50人死,13
TELUGU,దాదర్,30
ENGLISH,news14172,8
FRENCH,sapiniere,95
Korean,'데스커,14
GERMAN,pmuvwqrvh4,1
ChineseT,的貓毀掉了英國17世紀著名畫家約翰,3
CZECH,vystřiženy,210
ENGLISH,buttreyhouse,58
SWEDISH,inblandade1,3
MALAGASY,élève,401
SPANISH,5c555dde27e82,1
SWEDISH,kvinnodags,44
RUSSIAN,12семья,246
SWEDISH,7sll,1
Chinese,充电速度变慢,6
ChineseT,奈米科技燃油增強劑,3
Japanese,入院患者殺害容疑で元看護師３回目逮捕 ,7
BOSNIAN,38messiju,1
Chinese,10亿数据,57
CZECH,prevekleho,1
ROMANIAN,sănătate7472,25
ChineseT,ceo因銷售下滑而離職,1
MACEDONIAN,скандинавски,580
Chinese,13121名侦探柯南首播,1
Chinese,推动通信行业发展,46
DANISH,vajzy,1
Chinese,安省电费降价真相,45
Unknown,hxui3lnzpm,1
Chinese,许继伟深入部分城建重点项目现场进行调研,24
CROATIAN,virtualnu,2210
Chinese,北京或禁止留学生赴加,20
ChineseT,支聯會舉行六四三十周年燭,2
ENGLISH,600722,3
ENGLISH,volgari,4
ENGLISH,ノ울산op,1
Chinese,专家解析三大因素迫使北京不会出兵,182
Japanese,　明徳の闘志,2
ALBANIAN,lifestyle281,1
RUSSIAN,радиациикакая,2
ROMANIAN,5d1161c427ced,1
FINNISH,tuulivoimabisneksen,130
CZECH,míru435,3
Japanese,悲しい考え方だな,2
GERMAN,weltsport10,10
Chinese,鲜蒜一斤七八毛为去年同期一半,21
ARABIC,سفبرة,50
ENGLISH,2sportsbattle,64
ARABIC,والمتدخل,48
BOSNIAN,12vlade,1
ESTONIAN,määndab,71
Japanese,そろそろ梅雨も終わりに,1
Chinese,2019大类资产配置展望,25
RUSSIAN,dormer,72
Chinese,走村入户宣交安,48
UZBEK,istondagi,251
Chinese,脉脉未来俱乐部引领新未来,160
Chinese,海外代购爆黑幕,27
ChineseT,眾人不畏風雨參加,78
Chinese,83岁女儿被发现装在有酸的容器中,4
ChineseT,74歲李爾米過世,1
ARABIC,لاحتياج,791
ENGLISH,opinion2242,48
PERSIAN,ناسیونالیستها,5
ENGLISH,wangrovers,1
RUSSIAN,25861007,64
ENGLISH,georgenkirche,1
Chinese,微博一句话牵动所有60e的心,1
Chinese,耀州这种酒壶你肯定没见,548
ENGLISH,e808,7
ARABIC,سياحةrail,2
Chinese,江苏公务员考试面试出新,34
CZECH,cyklotoulkách,63
DANISH,c3tvy,1
SWEDISH,l'orange,4
PORTUGUESE,060traficante,71
ENGLISH,edwulf,358
KYRGYZ,ирландиядагы,2
URDU,عبداللّہ,5
BOSNIAN,65joshua,1
ITALIAN,pj4bmdm0uj,30
ChineseT,金鐘力寶中心2座26樓10至11室,1
SERBIAN,تجاريافي,17
DUTCH,megakidzz,90
RUSSIAN,путятинцапортал,24
FINNISH,jalkapalloturnauksen,16
SWEDISH,juldagsbadare,5
ALBANIAN,përthithur,1
Japanese,ob360,1
Chinese,vf310s,2
Chinese,开展畜禽养殖环节投入品专项整治行动,3
Korean,섬주민,2266
ChineseT,前男友不只性愛片威,4
ENGLISH,branchcleona,19
BOSNIAN,3emir,54
Chinese,用心传播爱与责任,1
RUSSIAN,доводчи,3
UKRAINIAN,шейніним,59
NORWEGIAN,denfør,1
ENGLISH,46767,8
Chinese,连奥运冠军都二刷,39
UKRAINIAN,розгінний,103
UKRAINIAN,596кіберполіція,1
RUSSIAN,норвежцы167,2
Chinese,质量提升塑品牌,28
Chinese,执法车追赶超载车发生事故,78
GERMAN,wghtwpfx4l,1
Chinese,将推无作业日,218
TURKISH,telegraaf'ın,6
Chinese,市民扎堆滑雪场,22
ChineseT,屏東多元族群戰毒兵團反毒戰士培訓　共同幫助藥癮者反毒,1
NORWEGIAN,lishen,3
GUJARATI,ઊંચકાઇ,18
ENGLISH,'viskar,1
FRENCH,28sonacos,2
RUSSIAN,шпиону140,1
ENGLISH,3402xbqto69,1
ENGLISH,cubyqdybdssxvsfyafawvvutrtfzfxsrburv,11
ITALIAN,news11646,2
ChineseT,奧迪執行長被捕了,81
Chinese,财新女记者采访碳九事故,33
Chinese,土耳其里拉和阿根廷比索先后遭受冲击,28
SPANISH,neutralizar�,3
ARABIC,ودرسًا,208
Chinese,1296疑犯追踪,1
ChineseT,求ps4,3
Chinese,浅说大学,24
Chinese,一品诰命夫人华光隐不去媲美,73
GERMAN,knetfigurenkomödie,66
HUNGARIAN,zöldborsóból,73
RUSSIAN,бала2682615,1
ITALIAN,gobbaccio,16
SERBIAN,2ёёў,15
Chinese,将于年底建成通车,241
GERMAN,15ganze,4
Korean,내홍중인,24
ENGLISH,terapung ,23
RUSSIAN,04   1511,2
Korean,luveco,54
ENGLISH,newspodívej,44
ChineseT,技嘉將於107年6月27日召開法人說明會,1
ENGLISH,offersfreeride,70
RUSSIAN,16ювелирные,50
RUSSIAN,объгэса,20
GREEK,aλικάκη,4
Chinese,枯树附近不宜扎营172440635分钟前,1
Chinese,最享受单身生活的星座,1
ChineseT,完全消失,167
Chinese,要防止被,45
ChineseT,環時批傅榆不尊重金馬獎不受兩岸影人歡迎　蔡英文,1
TURKISH,kaçırmadın,106
Chinese,纺织服装行业估值合理,18
ENGLISH,thatchersabc,12
FRENCH,youtube109,88
UKRAINIAN,нововолинець,1350
Chinese,电池用镍,16
RUSSIAN,43мексикановая,5
Chinese,卡舒吉未婚妻批评特朗普,6
Japanese,酸素,9
SLOVENIAN,brezupnim,57
ITALIAN,divul,1
Korean,군민향한,2
Chinese,能玩水的平板,662
SWEDISH,abmiljösamordnareskellefteåvi,359
ENGLISH,110958,3
Korean,대전ngo한마당'이,6
ChineseT,獲頒全球首位line榮譽公民,12
ARABIC,سفيرَهَا,7
SPANISH,ayudatón,36
ENGLISH,0gst,83
MACEDONIAN,првните,5
RUSSIAN,права1854,1
ChineseT,但比起大盤仍是相對便宜,2
RUSSIAN,newsoboz,13082
Korean,기술한데,23
DUTCH,hartprobl,3
ChineseT,仰躺路中,7
ENGLISH,rosebush's,37
Chinese,资源配置歧途,18
Chinese,千万好书等你选,142
ENGLISH,tuewday,11
BOSNIAN, aktuelna,28
RUSSIAN,силовиковсоветник,23
ARABIC,اولن,11
Chinese,助力脱贫攻坚 ,233
INDONESIAN,koike,65
Chinese,4月10年期国债收益率涨25,24
ENGLISH,agorep,78
SINHALESE,looting,32
ENGLISH,belmontbandua,6
FRENCH,  et,45
Chinese,3恋空发行,2
ENGLISH,gowind,6385
HUNGARIAN,legfájóbb,638
HEBREW,ברזילידעה11,5
SWEDISH,taim,100
ChineseT,又是洛杉磯,20
Chinese,谦谨的管理方式及口碑极佳的职业素养,3
ENGLISH,se4fgpvvxy,2
INDONESIAN,ttansaksi,2
DANISH,jfurt,1
Chinese,介　　近日,1
HEBREW,קארבונט,124
ENGLISH,hxcumbia,21
Chinese,中国夫妇在卢旺达点亮三千,92
Chinese,但是日元对此反应较为,1
SERBIAN,у≈г ќ,4
Chinese,丰田新一代rav4荣放实拍,33
Chinese,全能硬派越野车,1
ChineseT,隔壁家的豪宅,98
SPANISH,572215,21
Chinese,季军,2814
ChineseT,凱特默契驚人,15
ENGLISH,rmb$38,3
ENGLISH,fashion63195,1
GERMAN,direkterzeuger,13045
ENGLISH,63731,2
ChineseT,中國成為巴西最大投資來源國,1
ChineseT,美國總統川普今,1171
SERBIAN,insinjea',1
ChineseT,引同股不同權公司上市,2
HEBREW,qg,1
ENGLISH,bookstore18,1
SWEDISH,annonsinnehållet,261
POLISH,odurzała,858
UKRAINIAN,фермерского,1908
FRENCH,voici ce,24
ENGLISH,likely'bodies,66
SWEDISH,league25,13
FRENCH,5d5eb1f6e0642,1
RUSSIAN,1023369,1
POLISH,wf60,1
GERMAN,meinungsfreiheitsschutzkommandos,52
Chinese,杭州亚运会走进香港,4
ENGLISH,jiywavmthb,110
RUSSIAN,5d51ba072802f,1
Chinese,甘津扶贫协作,500
THAI,อานิสงส์รถไฟฟ้าดันสุดแรง,5
Korean,물품구매ㆍ1400억원,1
Chinese,急于和开发者分享第一手见闻,427
RUSSIAN,'протест,1
ChineseT,即時新聞351,2
Chinese,亿万富翁告诉你,20
ARABIC,بالمجاعات,11
HUNGARIAN,befejezõ,3386
Chinese,宣布将于明天,28
RUSSIAN,775195,1
HINDI,207808,1
FINNISH,kol­mi­kan­ta­neu­vot­te­luis­sa,5
ChineseT,千橡鎮槍手,10
ENGLISH,pu7kre,1
GREEK,πεπαρίδης,97
GUJARATI,કાર્યકર્તા,247
Chinese,未兑现夺冠诺言,1
FRENCH,mondechaud,1
Chinese,超50gwh电池工厂齐聚无锡,156
POLISH,drożejdar7808,1
Chinese,谢师文,46
Japanese,埼玉福祉専門学校,1
Chinese,倾听体语,2
THAI,รวง,79
HAUSA,alexander,205
ChineseT,信用卡7大收費位,20
GERMAN,vorsorgeeinrichtung,120
ENGLISH,3734019,3
Chinese,发光二极管七段码设计工具,14
ChineseT,把蔬果賣好才最重要,21
SWEDISH,löventränare,1
ChineseT,同埋香港自治等議題,1
Japanese,プロ野球熱い思い　北広島に軍配　日本ハム本拠地移転,2
KINYARWANDA,mutimawurugo,125
ChineseT,amuroray,142
ChineseT,帝景園複式樓王1,9
Japanese,静岡県知事が失態,29
ENGLISH,​ctis,496
SPANISH,limaayer,24
SPANISH,información6618,19
Chinese,习近平参加河南代表团审议,6635
ARABIC,الاردنالأونروا,22
Chinese,女人为什么会和自己不喜欢的男人上床,100
ENGLISH,makynsie,626
LITHUANIAN,balsingiausių,36
Japanese,９例,118
Chinese,若有机会带领台湾,2
GERMAN,beflockung,204
RUSSIAN,гаража1920004,1
ENGLISH,scooter705,1
Chinese,强化协同创新,94
Chinese,高中生如何考上重点大学,1
THAI,ซื้อขายทะลัก,41
Chinese,在哪里做宜华地板加盟店好,1
ENGLISH,mockel,39
ITALIAN,casta22,13
Chinese,从城市公园到,65
HINDI,articlecollege,11
ALBANIAN,thonjt�,1
ARABIC,суакин,11
Korean,체감될까요,9
THAI,เต๊นท์ปลิวกระแทกประชาชนเจ็บ6,2
Chinese,庆祝改革开放四十周年全国书法大展开幕,18
POLISH,macronie,1282
Korean,​커쇼,1
POLISH,jezusmaria,72
ChineseT,銀行體系結餘減少的情況下,4
Chinese,陕西移动打造政企云平台,84
Chinese,肚拉拉,3
SPANISH,ignatenko,34
Chinese,潍坊市食用鳄鱼多少钱一条厂家供应,2
ENGLISH,グローバルがマイルストーンを迎えてロンドンでの基盤を拡大,1
TELUGU,ఆకారంలో,25
FRENCH,204612,5
CROATIAN,66772,1
TURKISH,aeski,1
ICELANDIC,einhyrningaï,22
FRENCH,750kg,28
SWEDISH,▸ tittade,9
Korean,639원으로,4
Chinese,首届工业大数据应用技能赛项中国,173
ChineseT,bellis,23
RUSSIAN,бёрнер,70
HEBREW,מרדנית,15
RUSSIAN,земле34262,8
Korean,저소득청소년에,51
Japanese,メルシエの新商品が美容雑誌３誌,1
SWEDISH,sedanåsa,17
Chinese,台湾男子与友人喝酒因债务起争执,26
Chinese,美国11月失业率维持历史低位,114
GERMAN,1488motorradclub,1
Chinese,油价喜获两大利好重夺60美元大关,12
ChineseT,272萬,21
VIETNAMESE,vov1,23760
ENGLISH,palekar2,4
POLISH,a ofe,10
INDONESIAN,auditoria,66
RUSSIAN,город1406555,1
ENGLISH,heenesh,20
RUSSIAN,закрывать42292115,1
CZECH,vzkøíšený,3
RUSSIAN,90231,5
Chinese,怎不也关总统府三年,2
Chinese,注意啦注意啦,16
GERMAN,bauernmaler,20
FRENCH,vitiges,47
Korean,통닭거리'가,29
Chinese, 摩比小子,18
ENGLISH,donohoeadvanced,414
RUSSIAN,742домик,1
DUTCH,mortiergranaten,988
Korean,⑪협업의,67
Korean,금연서포터,1
ENGLISH,geschaffene,7
Chinese,怎样喷药可以避免吃到有害残留,288
ROMANIAN,salle,43
CZECH,kontext3,5
ChineseT,廿天線,1
Chinese,色选机价格,1
ChineseT,裁員300人,235
Chinese,swtf2018,52
ARABIC,شتعمل,25
GREEK,ντάνε,13
ChineseT,黃易群俠傳,2
Chinese,助力国际文化旅游名城建设,1
RUSSIAN,201986093,1
ENGLISH,5d69efbdd58df,1
RUSSIAN,айт900,1
ENGLISH,515151555658565352,1
RUSSIAN,bladeglider,27
BASQUE,orok,148
POLISH,limitowa,79
SWEDISH,25rubbestad,1
GERMAN,weltweit17293,4
DUTCH,laren664,32
GERMAN,mamhxhblt,1
Korean,생산부터,8875
INDONESIAN,scoundrell,69
SWEDISH,arbetsmiljöjobben,821
RUSSIAN,j'pan5893,1
Korean,화성드림,60
Chinese,在桃花树下喝到微醺,1
GERMAN,ambienteneue,1
ARABIC,05كالياري,1
UKRAINIAN,​музичний,55
Chinese,第10集,7550
Chinese,共建美丽青树,33
URDU,گھنٹوں تک,21
ENGLISH,153670,11
ChineseT,華為新機最高價超1,1
ENGLISH,page1261,1
Chinese,想吃叉烧肉别再外面买了,1
Chinese,市场活跃度回升,83
Chinese,散户不懂如何把握买卖点,24
NORWEGIAN,klistremerker,995
Japanese,生徒会役員と問題児のblラブコメ,11
SPANISH,5psicología,1
SERBIAN,6788,35
ENGLISH,skstorm,518
Chinese,心平气和地谈一谈求偶培训,24
RUSSIAN,гудрономсегодня,5
ChineseT,39531獨,1
RUSSIAN,инициировалось,173
GREEK,δύσπιστοι,566
Chinese,基金投资人士看市,23
GERMAN,chaptcha,1
Chinese,只打口水战,40
ENGLISH,nqow,496
GERMAN,rdzssudvqdtdebetewszvwswzxvbzecfetwz,1
CZECH,propagující,2029
Chinese,外交部发言人华春莹26日回应说,121
PORTUGUESE,279m,2
Chinese,2019年3月21日硅锰早评,1
CROATIAN,posticaj,1
TAJIK,15928,1
THAI,เดินทางเยือนประเทศในเดือนพ,7
HUNGARIAN,horpadásokat,57
ChineseT,那只是業障重而已,13
Chinese,中国消防救援学院招收甘肃省青年学生考核公告,30
Japanese,2014ポルシェマカン通気性の車カバー,1
DANISH,pe7lm,1
ENGLISH,henford,133
SLOVAK,zamestnancom40 166,2
Japanese,沖縄県名護市の辺野古,8
ALBANIAN,zhdrellën,5
POLISH,yeasayer,476
Chinese,日暮掩柴扉,5
RUSSIAN,vhsник99вчера,2
Chinese,10中国发力破解垃圾分类难题,1
GERMAN,treuegesch,13
SPANISH,chauchín,24
Chinese,放宽落户条件给住房补贴,10
GERMAN,doveweed,55
Chinese,宁波为何能当,31
BASQUE,hernandezen,2
ENGLISH,5c03cb4ad978f,1
ITALIAN,3noleggio,5
POLISH,lesman,30
SPANISH,rayo1levante0,2
SPANISH,marabelli,75
Korean,6피파온라인4,17
PORTUGUESE,jogadorleonardo,1
Chinese,一位重点高中校长的演讲,6
Chinese,律师拍手称,24
PORTUGUESE,19h21nacionalpesquisa,27
DUTCH,nekklem,191
GALICIAN,mi�o,175
SPANISH,sínodoalgunos,1
INDONESIAN,34pssi,7
ARABIC,429055,1
ESTONIAN,muusikajutud,2
YORUBA,gbàlejò,750
HINDI,చేతిలో,322
ChineseT,英法德股市下跌　汽車股偏軟,3
GREEK,30601,1
NORWEGIAN,semilukket,27
Chinese,dimanche,11
TURKISH,göreceksiziniz,17
Korean,하야부사가,25
CZECH,testhair,11
ENGLISH,namlbjviithinkpink1last,2
ChineseT,　蔣月惠無奈,1
Chinese,春季京东热门笔记本盘点推荐,44
ChineseT,聯合石化蝕46億,3
ChineseT,柯文哲忽吟詩,4
Chinese,神经介入手术197例,71
RUSSIAN,тагил  3,1
Chinese,共享汽车不交押金就能开,3
GREEK,ρεβυθης,2
RUSSIAN,50   1055,1
ENGLISH,radulich,120
ENGLISH,sbsportz13,48
PORTUGUESE,nortecondutora,30
SLOVAK,počasie64 260,2
CROATIAN,pomidoru,93
ChineseT,習近平藉反貪整肅異己,107
Chinese,十八大后落马五,151
GERMAN,teuerhöhere,12
Chinese,成交额2026亿,1
RUSSIAN,газ248,261
GERMAN,vorsorgelücke,125
Chinese,仍有逾20美元的上涨空间,21
GREEK,αναδυόμενων,13455
ITALIAN,veeleno,1
SWEDISH,pizzabröd,7
GREEK,κακομαθαίνει,220
DANISH,veganereller,16
Japanese,渡部暁が初の個人,8
Chinese,以及通航运营上天难和落地难的现状未根本转变,109
Chinese,博湖田野春潮涌,44
ChineseT,高雄市長韓國瑜日前在美訪問期間提出20字口號,4
FINNISH,utareessa,963
UKRAINIAN,обнаженными,126
ChineseT,聽說韓國正流行泡麵飯,19
RUSSIAN,презентовали будку,1
Chinese,3贝尔维尤警方破获地下妓院,8
ENGLISH,5cee416dc2dff,1
PORTUGUESE,cashball',137
GERMAN,plastikeimern,24
Chinese,想做帅丰集成灶项目大概多少钱,1
Chinese,可操纵免费挖币,46
POLISH,włączjące,2
POLISH,na czołgiułan,7
ChineseT,馬路塞爆,5
GERMAN,apoxqzom,1
GERMAN,vorschriftenpolens,4
Chinese,市政府安委办组织开展危险化学品安全生产风,5
GERMAN,unzoagsch,1
BULGARIAN,ликвидности,41
Chinese,无健康,2
Chinese,棉轴揉搓玉米,1
UKRAINIAN,людей28,173
Chinese,为何医保年年涨,22
Chinese,十堰市召开纪念建党97周年表彰大会,17
HEBREW,במבדק,438
ENGLISH,hi4aaoswcfrbfvnc,2
Chinese,山东2019年普通高考11月5日起网报,22
ChineseT,民宅前爆管,1
FINNISH,selviätte,225
SERBIAN,fašistoljubne,31
SPANISH,yfqcgzbm5g,8
Chinese,木门十大品牌森德美迪木门分享静音木门的发展历程,1
Chinese,提供更多机会,7
Japanese,１で下,1
FRENCH,mercatosort,1
SPANISH,reprecusiones,17
Korean,﻿﻿수준,80
SPANISH,00hacían,4
ChineseT,今南部東南部有雨,26
HUNGARIAN,mérközésen ,1
Korean,키스보다도,313
FRENCH,choquantes ,64
ChineseT,遊戲代言人陳妍希小姐華麗登場,88
Chinese,纽交所空头净额下降,15
Chinese,严格限制城镇居民到农村落户,71
CZECH,76316,123
HINDI,देश5077,14
Korean,마포대교'에서,11
BIHARI,पेट्टा,85
Korean,광역14,3
ChineseT,蘋果領漲道指,1
Chinese,441年高考作文记录中国变迁,1
Chinese,其中县处级11人,23
GERMAN,kintsugi,404
Chinese,甲戊扑草净35,1
Chinese,8特朗普透露美中磋商并不顺利,3
NORWEGIAN,vernesonen,84
Korean,캥거루도,26
ENGLISH,researchdave,1
Chinese,a78853,1
ENGLISH,powders industry,2
ChineseT,婦險遭詐80萬,7
ChineseT,減少黴菌孳生,69
CROATIAN,scarlet,123
Chinese,督促整改火,2
ChineseT,搖臀走出超商,1
Chinese,天津推零散房源40个公租房项目,17
GREEK,πριζρένης,3
Chinese,刘晓宇需赛前决,1
TURKISH,rubledeki,801
SPANISH,centro oeste,55
HINDI,बचेकांग्रेस,41
ChineseT,中美貿戰局勢惡化　港股急瀉千點　中資金融股全線遭拋售,1
LITHUANIAN,40856,1
Japanese,姫ノ木あく原作,6
TURKISH,vermişler'milliyet,4
Japanese,筑西ライナー開業のお知らせ,2
GERMAN,745bewunderung,1
FINNISH,liikuttamisesta,69
SWEDISH,31nu,73
Chinese,靠着哪些,286
Chinese,指导我们如何在投资和个人生活中作出更好的决策,12
ChineseT,38屏東農業大學培植小農,2
GERMAN,'parteitag,2
Korean,회계담당공무원,376
Chinese,光伏必将成为主,7
HINDI,21580,3
Chinese,丝绸之路国际赏石文化节9日在兰开幕,96
ChineseT,雖然林務局花蓮林區管理處立即關閉,5
GERMAN,lastwagen3646,1
Chinese,禹洲地产38亿收购沿海家园子公司恒华集团的交易已完成,1
FRENCH,40331,42
Chinese,这让老百姓防不胜防,36
ChineseT,活動主辦方網站發佈消息稱,2
Japanese,和辻哲郎文化賞に平川,2
CZECH,desetiletípatrik,188
FINNISH,ylivieskassa ,35
ENGLISH,jroepxboxaa8,9
SPANISH,5d2e6860cfd85,1
TURKISH,video9775,1
BULGARIAN,циркове,851
BIHARI,पैग़ंबर,43
HEBREW,כשליברמן,476
ITALIAN,honors,14814
Japanese,８回３安打も３失点,1
Korean,멜비,142
LATVIAN,neizbēgt,27
ENGLISH,hybridops,3
ENGLISH,ystcschw6x,8
RUSSIAN,дакотой11,2
ITALIAN,zuckenberg,867
DANISH,qczrn,1
Chinese,年薪10万都招不来人的天眼,18
Korean,불법레이스,17
ChineseT,▲北部出現本土登革熱群聚事件,2
GERMAN,schlaglichteranhörung,4
Chinese,野村控股建立英镑多头,2
Korean,지연사례,432
Chinese,专家讲你听丨牛熊眼,2
TELUGU,manikarnika,1930
Chinese,形容当年那一刻,4
Chinese,车主紧急停车被吓坏,20
TURKISH,82599,1
Chinese,罗顿发展领涨,1
ChineseT,特朗普揚言對歐洲入口汽車增加關稅,1
ChineseT,颱風外圍雲系加年度大潮,5
Japanese,勝利に両手,7
Japanese,5年間の無償保証,96
Chinese,48岁吴奇隆宣布刘诗诗产子喜讯,13
Chinese,兰州好的播音主持学校的招生线,1
ARABIC,الابتكارية ,1
GUJARATI,ફેક્ટને,22
ITALIAN,bening,20021
Chinese,韓特使團訪朝會談,46
RUSSIAN,243158,2
ChineseT,米奇老鼠驚現西貢,24
Chinese,抗议严酷宗教迫害,3
Chinese,小时前1271307,9
FRENCH,blaha,35
NORWEGIAN,imaginære,819
ChineseT,5私生子的媽曝光　竟把黃秋生打到噴血,1
ChineseT,臺北松菸開課,1
LITHUANIAN,šimonytė1374,13
ENGLISH,namko,9
Chinese,在什么地方选择加盟圣鸽集成灶好呢,19
ARABIC,وفَصل,76
Chinese,2018年7月2日江苏盐城菜,1
ENGLISH,monthsaussie,9
ENGLISH,grit,979994
TURKISH,butonların,20
Japanese,上尾で癒やしの空間に　メッセージ書かれた,24
ChineseT,效果不輸專法,4
RUSSIAN,питания4772,1
SPANISH,5d2eb9bc93fa8,1
Chinese,新和县夏粮收购进展顺利,1
Korean,천연물혁신성장추진단은,431
Chinese,3类猪场面临倒闭,46
Korean,모리브,5
Chinese,一袭黑衣难掩高耸孕肚,7
RUSSIAN,бродячиепсы,27
ITALIAN,trump e kim hanno,12
Chinese,开学季政策,223
ChineseT,新手池釣請益,1
Chinese,搭上跨境电商快车,22
Chinese,保持斗争精神　增强斗争本领,249
Korean,타다니,192
ITALIAN,ecosostenibile3,2
NORWEGIAN,onsdagregatta,2381
DUTCH,shock'robin,14
Chinese,每年约10,41
Chinese,下梅林地铁站发生暖心一幕,75
ARABIC,الحداثــة,48
TURKISH,californiaya,3
Chinese,第十二届合肥国际文化博览会将启幕,19
TURKISH,yetiştirici,1047
Chinese,针筒套头组件,2
Chinese,出土陶,83
ChineseT,龍山寺比丘喝高粱酒駕　寺方,4
Chinese,步步高大桶,1
Chinese,规则都不顾,3
DUTCH,5extra,122
Chinese,治过敏性鼻炎的药有哪些,3
ITALIAN,televisione1693,15
NORWEGIAN,topptrav,6
RUSSIAN,фоторепортажсамая,487
RUSSIAN,джеремайя,72
ChineseT,世大國際建築師事務所,47
ChineseT,加息進入下半程後美國經濟還能走多遠,2
Unknown,7zbl7fkdc4,2
SERBIAN,злоупотријебио,300
Chinese,金正恩送韩一对超萌,9
ENGLISH,meyer174,2
ENGLISH,onagozv83u,1
SWAHILI,ellymo,1
Chinese,09西安一女子交友软件聊天发现对方手机,4
Chinese,甜蜜举动闪瞎网民'>双宋甩婚变,13
ChineseT,t恤入境越南　被要求更衣兼充公,44
RUSSIAN,американцы9,7
Chinese,会见哈萨克斯坦总理,23
Korean,20190627095817054,6
FINNISH,kuhmolaistaustainen,22
Chinese,挂号员延误挂号被开除,17
RUSSIAN,372165,6
ARABIC,النصرعلمت,1
Korean,은행사의,25
Chinese,baby朱一龙拍戏,7
ROMANIAN,copacul,14188
ChineseT,想讀廚藝學校,56
THAI,ไอคอนเพลงแดนซ์ยุค,114
GERMAN,auffahrtsdult,394
Korean,빼재,31
SPANISH,boddi,203
ChineseT,元旦起享零關稅,5
Chinese,永济公安交警开展周末整治违法除隐患行动,41
Korean,샬롬나비는,7278
ENGLISH,lonail,349
Japanese,銀行員らしくない,10
ENGLISH,abiir,4
AZERBAIJANI,hyper,2
Chinese,广东包柱铝单板广州厂家,2
Chinese,张家口市花海播种一般几月份开始,1
SPANISH,hogaresla,44
Chinese,建成后接入,3
SPANISH,inseguridadritondo,20
Korean,구무총리가,98
Chinese,人贩子当街抢小,19
Chinese,华晨宇晒13届快男合体照,73
ARABIC,ساعتينبومرداس,7
Korean,구제개선,95
Chinese,就会改变之前的饮食习惯,52
RUSSIAN,лопуха46092,1
HUNGARIAN,jelenlï,252
CROATIAN,malaca,82
GREEK,geovanni,1
FRENCH,widdou,2
Chinese,多空争,41
POLISH,s³awna,451
ARABIC,المزعزم,24
Japanese,帽子が発売決定,1
FRENCH,yobouko,8
Chinese,印度一辆大客车侧翻起火27死4伤,17
GERMAN,sibirjaken,771
ENGLISH,fuquacampbell,40
GERMAN,∝,70
Chinese,印度太阳能制造商协会再度要求,24
POLISH,pomógłjej,1
ESTONIAN,öömajja,9
ENGLISH,idomeneus,72
NORWEGIAN,satiren,1975
Chinese,股海大道财经早餐1,7
ITALIAN,>sambiase,354
HUNGARIAN,jegyzőket,7
ENGLISH,​phoenix,6
Chinese,马牌md,54
Chinese,2018款宝马x5降价,1
Chinese,廖碧儿春风满面承认拍拖,162
ChineseT,旺角小店有驚喜,24
ENGLISH,5c97a24c98be2,1
ChineseT,母棒球場首戰,4
Chinese,5种坚决不能碰的股票,22
Korean,kasina,9
Korean,윤택하고,17
LATVIAN,+2°c,8
Chinese,锂电池原料缺,677
Chinese,广州餐饮礼俗,25
UKRAINIAN,порожевішають,4
Chinese,黄智雯赢双料视后,2
PORTUGUESE,sa�decongresso,8
Chinese,咸宁增速位居全省第一,47
Japanese,１２月１２日生まれのパワーストーン守護石,4
Chinese,2018年11月国内棉花市场,12
Chinese,我啥时候能当难民啊,72
ENGLISH,hurtstom,14
Chinese,这再次体现了中国和东盟国家间的相互信任进一步增强,72
PERSIAN,تضمین‌هایی,33
GREEK,καμεροκινητό,226
PORTUGUESE,54icelandair,1
GREEK,thatsmylife,2
ChineseT,開唱大誤點近1小時,1
ENGLISH,deli17,2
ENGLISH,apostillados,2
ENGLISH,hxe3c5cyha,29
PUNJABI,ਕਰਿੰਦਿਆਂ,270
Japanese,京アニ事件１カ月,1
Korean,한표다,5
Chinese,饰演女博士,461
BOSNIAN,mrtavteško,1
HUNGARIAN,½kezetï,98
TURKISH,haberlerikaradeniz'in,45
Korean,분식'을,33
Chinese,配套环境日益完善,23
POLISH,okrêgowy,2044
Chinese,法官牵线搭桥完成,11403
THAI,จับคู่ธุรกิจมากสุดรอบ,3
ChineseT,桃園市龜崙嶺協會申請北健有線電視,11
ENGLISH,857077,1
Chinese,9月重大项目完成投资741,10
SLOVENIAN,poslanim,6
FRENCH,attestant,3792
ENGLISH,verificadas,4
Chinese,拉菲兹确定攻署理,3
ARABIC,زائرها,83
RUSSIAN,763017,2
PORTUGUESE,acácias,8681
ChineseT,5g產品貢獻2020年顯現2018,1
Chinese,枪手却未遭指控,431
ESTONIAN,geenitestiga,89
Japanese,素朴な接待　世界遺産間近,24
ENGLISH,gummibär,124
Chinese,一起玩转阿拉善英雄会,3284
ARABIC,43مقاتلات,2
PUNJABI,ਸਮੇਟਿਆ,73
Chinese,小儿风湿热的症状,6
Chinese,非物质文化遗产的传承,72
ChineseT,1200名師生緊急疏,1
FRENCH,inhabituel ,5
RUSSIAN,венгрии223,1
ENGLISH,hunterdec,70
RUSSIAN,8v23lu,5
ChineseT,地方雲林慶祝107年稅務節副縣長嘉勉2018,1
ENGLISH,smirch,24
GERMAN,dbsf,9
Chinese,大连球迷你怎么看,4
ROMANIAN,rănitposted,4
ChineseT,元朗站有人車廂追打乘客多人傷,8
Chinese,贵州上市公司集体接待日今日14点举行,6
Korean,진천천,308
Korean,우물목길,23
SPANISH,dúmpers,3
GERMAN,trucktour,94
Chinese,董明珠连任后首亮相,241
ITALIAN,amiciad,21
Chinese,斗鱼虎,1
FRENCH,patator77,3
ENGLISH,cloggberg,9
FINNISH,32uudet,6
ARABIC,plénière,1114
RUSSIAN,и понятно,708
Chinese,鸭预冷机丨鸡预冷机,1
Chinese,拓展经济发展,7
SWEDISH,armeringsjï,38
RUSSIAN,петербурга2248,2
ENGLISH,images+26915,1
ENGLISH,depends22,2
ENGLISH,wanethe,27
Chinese,尝试揭开历史的一角,28
ENGLISH,pharmalot,14034
SPANISH,½firmarï,13
Chinese,折文,20
ChineseT,不過想要比例好看其實不是每一雙球鞋都,25
Chinese,清华大学2019年研究生毕业典礼在东大操场举行,62
GERMAN,atpstruffs,71
TURKISH,bittigazimağusa'da,36
Chinese,文化艺术展见证60年发展变化,7
Chinese,2018年4月13日黑龙江双鸭山宝清大豆市,2
Korean,sns소통연구소,577
Chinese,身价过亿的网红离世,7
UKRAINIAN,чи планують,21
CATALAN,actitudinals,3
Chinese,只需要将手轻松一刷,19
HEBREW,renewables,26427
ChineseT,tron將成首部,2
DANISH,mmrie,1
ENGLISH,listctrl,7
ITALIAN,video8387,24
ENGLISH,adison's,1
ChineseT,母親節特輯｜最好的母親節禮物,55
VIETNAMESE,172314,1
Chinese,𐀫𐀬𐁓𐁔𐁕,1
RUSSIAN,15331414,1
PORTUGUESE,04circulação,3
Japanese,の音楽が蘇る,4
Japanese,　あなたの地元の成人式はいつ,294
Chinese,来时路七章③丨湖南第一高县,305
ChineseT,只是做對的事,3
SPANISH,popsocket,224
GERMAN,6muttereralm,1
Chinese,检方将公诉,101
Chinese,罗本自此收起双翼,5
ChineseT,2個月半月新高,2
Chinese,从事慈善活动但文件不足,14
PERSIAN,برکت,4345
FRENCH,mealhero,429
FRENCH,177 €,23
RUSSIAN,нововоронежец,760
ChineseT,完整科技公司收購列表2018,6
SPANISH,ly4affjitw,1
ChineseT,a++能錯幾題看這裡,2
Chinese,坐滴滴走哪条路乘客说了算,1
INDONESIAN,sukaryono,24
Chinese,厦门机场快速路首个前岭互通主线桥合龙,8
TURKISH,birliğini'nin,13
Unknown,p59g0gy2q0,2
Korean,1천600만원에서,27
GERMAN,diehorror,5
RUSSIAN,99513,12
BOSNIAN, 49mpurivatra,1
HUNGARIAN,mcflyként,128
FINNISH,hallikyselyyn,48
Chinese,印尼文教部华文统筹处出席汉考说明会,48
CROATIAN,manikuri,277
ChineseT,40中國人行本週放出人民幣4715億活水,1
ENGLISH,5v2bhqih3x,68
GREEK,ικανού,568
Japanese,dms6025,2
GERMAN,erfolgsschauspielerin,31
GERMAN,verdeeln,6
FINNISH,laajuiseksi,287
Chinese,高颜值都是遗传的,1
RUSSIAN,беллуччи‍,95
ChineseT,六福皇宮熄燈盼止血,319
FRENCH,entraînait,874
Chinese,精心做好各民生工作,5
POLISH,adrian745,13
GERMAN,vermischtesgruppenvergewaltigung,5
ARABIC,68202,2
Korean,후하신,17
Chinese,大树疯长,3
Chinese,国产游戏备案暂停系,2
PORTUGUESE,acredito,77789
ChineseT,更盼把藝術拉近生活,21
Japanese,右派が過半数の見込み　ネタニヤフ首相再選へ,2
GREEK,clo,187
ENGLISH,lc6z4gt7tl,41
Chinese,王晨星痛失好局丢冠,1
GERMAN,bildergaleriewinter,151
Chinese,3号线建设新进展,18
ChineseT,房屋是典型的中港官商勾結的項目,37
UKRAINIAN,здійснують,118
ENGLISH,tickingpence,4
RUSSIAN, 5 119,9
TURKISH,haberlerigençlerbirliği'nden,1
RUSSIAN,431838,1
Chinese,黑龙江省连续两年接待省外候鸟老人超200万人次,3
ChineseT,金門小坵島又現海漂豬屍,1
THAI,ปิดแล้วจ้า,6
SLOVENIAN,30921,2
Chinese,新型塔机喷淋设备的图文详解,1
Korean,423마리는,16
Chinese,东风雷诺纯电动雷诺,12
GERMAN,junggesellinnenabschied7,3
ChineseT,qno,31
ARABIC,اطفائه,49
ARABIC,للقائمقامين,12
ChineseT,時尚sports,1
Japanese,ドラクエやモンハンの世界をどう訳す,4
PORTUGUESE,619075,1
ChineseT,clc香港成員elkie挑戰拍韓,23
PORTUGUESE,09h35crimebolsonaro,1
Korean,한국apec학회,14
Unknown,d8ed7358tg,1
Chinese,材料乱堆放堵了人行道,25
Chinese,然而nvidia仍有大量10系库存,179
TAMIL,தொடரப்பட்டுள்ள,3
TURKISH,0274,236
ENGLISH,county534,4
INDONESIAN,03jerman,1
FINNISH,edestakaista,248
Chinese,田东主持召开全市春季森林防火工作紧急会议,23
Japanese,ｗｈｏが警鐘,34
Chinese,一小步蕴含大信号,36
ChineseT,汽車製造商敦促歐盟重啟與美國的貿易談判,2
Korean,연좌농성김경자,40
ENGLISH,springwhat's,1
BIHARI,न्यायपालिकामा,20
SWEDISH,52kinas,5
ChineseT,港鐵保留追究權利,3
ENGLISH,nunsvatican,4
ChineseT,四大理念體現,502
ENGLISH,228google+,6368
Korean,광주민주항쟁을,509
FRENCH,gastins,472
Chinese,对手7个nba球员3个状元,3
ENGLISH,healthgrandmothers,54
ENGLISH,13amsunday,22
BENGALI,পাখিগুলো,240
TURKISH,üretelim',97
UKRAINIAN,з румунії,54
UKRAINIAN,різнокольоровий,1283
FINNISH,asuntolaan,254
Chinese,九江田中在2019年世界机器人大赛中勇夺大奖,5
Chinese,旷视科技上半年研发投入,10
TURKISH,30diyarbakırdicle,1
Chinese,贵阳频繁癫痫发作怎么办,1
GREEK,chanyeol,520
POLISH,wypracowane,3956
Chinese,次贷危机,199
Chinese,多家公募尝试定期开放产品,23
SERBIAN,dozvolu,30592
Chinese,华耐家居将体验式家装,3
RUSSIAN,из риса25656,1
DUTCH,fkz,2
ENGLISH,24pasteruc8c63,1
SPANISH,sueño13,82
Chinese,检验科创板企业研发投入不能单看,31
RUSSIAN,20187697,3
FRENCH,siffert,2613
Korean,국가자격사법,433
ARABIC,يشتريه ,4
ENGLISH,pxfi30mmyae,1
Korean,문경지사'에,69
POLISH,jasła,22897
RUSSIAN,русскодумающих,1
Chinese,主播疯狂约粉,5
MALAY,banggol,4
Chinese,广西今年已筹措1,58
FRENCH,ensu,119
GERMAN,stunden5zauberhafte,1
ChineseT,029,1071
FRENCH,elanchalonle,117
ENGLISH,1158840917739986944106,3
GERMAN,titelbildes,96
GREEK,ικρίωμα,334
Chinese,这是要挤破头的节奏啊,72
ENGLISH,y=2^x^2+2^x+3,4
ChineseT,116249震撼,1
DUTCH,1060px,1
HINDI,குடித்தால்,4
Chinese,理想状况下,24
ENGLISH,ccsd15,1
Chinese,土沟,22
SPANISH,meropolitana,44
DANISH,cgfkg,1
FRENCH,lancement de l'application franceinfo junior,1
TAJIK,чойхо,11
HINDI,नचवायेगे,6
FRENCH,war193,1
DANISH,lqgpg,1
ENGLISH,purposed,20057
ChineseT,唱哭無數人,20
FRENCH,farlander,8
TURKISH,açıldıordu,26
Chinese,张学友演唱会逃犯再落网,7
ChineseT,日本明仁天皇宣布退位,651
TELUGU,చింత‌లు,242
GREEK,φραγκίσκος3,1
ENGLISH,whattodoin772,15062
Japanese,スピードスケートの李相花引退へ　小平奈緒のライバル,3
Korean,장성균,58
Korean,반대수,10
HINDI,लापतापाकिस्तान,3
TAMIL,கடும்பாடி,29
TURKISH,kismi,3607
Korean,재경논향우,966
GREEK,greekwine,5
ENGLISH,li9ptxsx7t,1
RUSSIAN,ахуенные,3
FRENCH,ladentente,7
SWAHILI,jostle,56
UKRAINIAN,інструменти3362,3
GERMAN,habilitatus,33
SINHALESE,සාමාජික,3670
GERMAN,giloss,2
ChineseT,東京極罕法式鴨湯拉麵,1
Chinese,昨天在高位已经又进去了,1
ENGLISH,soliddan,2
HAUSA,tokunbor,5
Chinese,未成熟的新惊喜,2
GERMAN,rayleigh,1702
Chinese,全省土壤污染防治工作稳步推进,24
ITALIAN,messina1485,12
Chinese,高等级玉器,3
HUNGARIAN,befektetésekbe,186
TURKMEN,madynyn,2
THAI,หวังผูกคอฆ่าตัวตายในประเทศ4,1
SLOVAK,vzbudzujú,735
FRENCH,176europa,1
ENGLISH,rollout8,3
FINNISH,kullanhohtoa,2
RUSSIAN,142530,14
RUSSIAN,техноsave,20
GERMAN,aquabusse,3
GERMAN,ringo,13024
Korean,개별지가를,97
Unknown,qrycy2bboi,2
Chinese,创新技术受瞩目,125
ITALIAN,ciaspamoon,20
GERMAN,neckarbischofsheimjetzt,19
RUSSIAN,крестителяв,187
Chinese,参照银河证券牵头联合央企,2
GERMAN,13ellbögener,1
ENGLISH,tsxuyxvusdaarsttbydsbrwwv,15
Chinese,揭示黑色素瘤躲避靶向性疗法杀灭的分子机制,5
RUSSIAN,жить45317,1
RUSSIAN,найдены,831395
GERMAN,azal,350
BELARUSIAN,дд ,24
ENGLISH,edwincleary,1
ITALIAN,anthonystrong,4
GERMAN,windows 7,455
Chinese,建设开启,2
NORWEGIAN,politikkminst,22
HUNGARIAN,13008,11
Chinese,又习惯性崩盘,29
Chinese,心怀真善忍　台湾教师翻转人生,119
PORTUGUESE,espanholalu�s,5
ENGLISH,adeigbe,6
RUSSIAN,проект3,48
SLOVENIAN,05troja20,2
TAJIK,зубовро,74
Chinese,内蒙古伊利攻东南亚乳业,24
NORWEGIAN, fødte,1
URDU,ایڈز,12025
CZECH,trojitý přemet,1
Chinese,已开检查一个月后复,7
GREEK,δημοτικό καλαμάτας,7
Korean,김일희의,7
POLISH,świętną,63
RUSSIAN,21badcomedian,1
GERMAN,seated,165
Chinese,上半年城市gdp三十强榜单,24
ChineseT,各國道客運站牌7日起調整位置別跑錯,2
Chinese,唐山对货运车辆道路污染零容忍,23
RUSSIAN,региона24003411,1
CZECH,celý článek pustit,6
HEBREW,שעה  עובדי,8
ChineseT,幸福國家排行榜,3
CZECH,hewlit,19
ChineseT,學測總級分掰掰　招聯會,1
PORTUGUESE,5c86f6940a722,1
Chinese,准备迎接市场巨震吧,10
Chinese,报6430美元,2
HUNGARIAN,zoora,26
SERBIAN,ceca otkriva,63
Chinese,第八届黄河戏剧节在樊粹,2
GERMAN,koalitionspartnerprosieben,3
Korean,투자유치설명회,5373
Chinese,早餐连锁店加盟,9
Chinese,江西浙江加强合作,141
SWAHILI,shieka,9
Chinese,表决在即引民众关注,1005
ENGLISH,515151535860575453,1
ChineseT,超渣私信,4
Chinese,08iphone将内置,2
ChineseT,漁農自然護理署,23
SWEDISH,representanthuset ,28
Korean,붙이고도,12
POLISH,wydarzenia23,1
GERMAN,ausbildung ,24
Chinese,jadefox,2
GERMAN,e5j4ogcrob,5
SPANISH,dtgdf,1
ENGLISH,air1182,1
Chinese,买个vivo,39
Chinese,小恐龙玩具,3
ChineseT,臺銀紀念銀幣上市,23
PORTUGUESE,transportar�o,28
GERMAN,w9854,24
Chinese,2018年有哪些重要文化记忆,90
DANISH,66guitarplanet8c3066d7phil,1
Chinese,丽水暖心民警上路劝解,25
GERMAN,2019quellgebiet,48
GREEK,ελλάδοςγια,20
GERMAN,spinneninvasion,168
POLISH,ogrodzenia1,13
ITALIAN,lalinde,81
Korean,혈관건강을,53
TURKISH,ittiren,326
MALAYALAM,musicinterview,281
DANISH,½nderjylland,892
UKRAINIAN,баскетболу154,1
GERMAN,mexikolkw,9
GERMAN,mohrdeutschland,31
Chinese,amd股价盘后大涨10,4
Chinese,邓超杜江为她大打出手,24
ENGLISH,ae1355,605
Chinese,地坛银杏节11月2日开幕,17
HEBREW,דקות  קליעים,1
Chinese,产业投资人透析理性估值,4
ITALIAN,mararrestato,16
Japanese,オープン前に一足早くイチゴ狩り有料記事16,2
Japanese,江越と木浪が快打　野手陣の底上げ進む2019年2月21日,1
GERMAN,showauslandvor,1
ENGLISH,230068,4
ITALIAN,sgbpbytrdc,1
TURKISH,gözaltındaurfa,7
ChineseT,金獅湖登革熱爆不停,6
RUSSIAN,о полномасштабной,6
ENGLISH,iamchrisscott,18
SLOVENIAN,življenju'7,1
FINNISH,apinakukkola,7
ENGLISH,collegeâ wins,130
ENGLISH,revenuehow,27
CZECH,orserovi,31
ARABIC,المسلميناستعرضت,1
ENGLISH,captor arrested,2
SPANISH,arpajian,132
Korean,국영병원,2
BOSNIAN,255kako,7
POLISH,supersprawcza,304
ENGLISH,hardisky,169
CROATIAN,malik fest,1
ENGLISH,u1jlefafj4,15
ARABIC,⁧‫مناف,29
BASQUE,fusionatu,1
BULGARIAN,правят аборт,563
Chinese,江郎才尽,450
SWEDISH,rekordeffektiv,19
RUSSIAN,автомобилей233,1
Chinese,九球天后潘晓婷在她面前都,28
ENGLISH,tfrwqfvvdrybwdrxbucvee,2
RUSSIAN,тропачев,692
Korean,경제종합센터에서,5
ROMANIAN,sneak,45
TURKISH,güzellerine,7018
ENGLISH,00p001,24
Chinese,为实现伟大梦想接续奋斗,110
ChineseT,34歲吉澤明步完成最後作品拍攝,8
POLISH,7866chf,4
Korean,버스업계와,235
ENGLISH,exe137,1
Chinese,一张张成绩单漂亮提升,2
Korean,복스푸,1
CZECH,kimla,8
Chinese,连日暴雨创纪录,46
GERMAN,gouffier,23
Korean,창청차,115
Chinese,台州领导干部重点学习网络舆情与新闻发布那些事,5
Unknown,47276077cn,1
Japanese,取外して使える　スタンド型　多機能防災ラジオ,2
ENGLISH,features950,10
Japanese,ビッグな選手だってミスする,3
ARABIC,بروجيا,9
TAMIL,வகுப்புக்,56
Chinese,韩星具荷拉签约日本经纪公司,4
SPANISH,brbmwlajxx,2
Chinese,江南区严打肉禽蛋市场内私宰点,12
GERMAN,½rgerschrecks25,51
Chinese,coupe能否成为你的菜,25
THAI,กูเริ่มโมโหแล้ว,5
ChineseT,嘉檢函文議會同意逮捕或拘禁,8
ENGLISH,5d3ea33b6f028,1
SWEDISH,skottljud,191
Japanese,うちのこ,3
GERMAN,dietacher,118
Chinese,奖金最终花落谁家,18
RUSSIAN,5снимаешь,67
FRENCH,broncher,762
GERMAN,kaubonbon,721
RUSSIAN,18     1100 ,2
HUNGARIAN,megközelítéssel,88
FRENCH,footballles,1332
Chinese,全国第三是什么梗,1
GERMAN,einsetzt1735,1
Chinese,也祝您元宵节快乐,2
Japanese,7535945,1
BULGARIAN,усповия,7
FRENCH,snqz6gxq6d,4
ChineseT,如果戰國足會怎樣,5
FINNISH,40kesälomat,13
Chinese,新楼旧楼都短缺,31
Chinese,手机响,30
Chinese,特朗普宣布对2000亿美元商品加征关税至25,1
CZECH,26796660,6
ChineseT,宣導普查維護權益,23
ENGLISH,5c9d53ba784bc,1
CROATIAN,vojne,45343
ENGLISH,qcoating,126
Chinese,炎亚纶街拍,24
Korean,다른기업은,7
THAI,ขวบเจ็บ,23
ChineseT,therapeut,1
FRENCH,6p8xxtwiy7,1
ARABIC,التّهرّب,1
ChineseT,以鏤空裝性感,1
Japanese,五輪で戦えるランナーへ,3
THAI,สวมชุดเขียวทั้งสั้นทั้งผ่า,1
Chinese,38334,1
Chinese,2700人已参加现如今,1
ENGLISH,boring34,2
ChineseT,貨櫃車司機昏迷車內,4
Chinese,房价只有这3个结局,13
Korean,업황만,1
CZECH,frýdecká242,1
Chinese,全市现代畜牧产业联盟成立,45
Chinese,10黄金蓄势多头升温 ,61
BULGARIAN,дзанфантини,17
SLOVAK,smaragdová,13
Chinese,泰国总理巴育,464
Chinese,通过审议,41
ChineseT,銀行估價趨保守,32
ChineseT,中國可能將在朝鮮領導人金正恩前往新加坡會晤美國總統特朗普途中派戰鬥機護送他的專機,10
ENGLISH,5c4feccb2b575,5
ENGLISH,narrativebenjamin,161
DUTCH,funkalbum,29
Chinese,使馆再,16
CROATIAN,al šam,1
ARABIC,الأسقوفية,55
UKRAINIAN,52475,3
GREEK,σιμόπουλο ,1
Korean,기술이사로,49
MACEDONIAN,59сјо,15
Chinese,安佛思模温机,16
SWEDISH,sedlighetsvän,3
Japanese,三色立別ぼかし,1
INDONESIAN,malin,355
SERBIAN,1093596,1
MALAYALAM,bioinformatics,50
Chinese,周琦会回cba打球吗,24
MALTESE,bayzo,55
Japanese,公開演技会で華麗な舞,328
PORTUGUESE,feira121,12
BOSNIAN,55mželjka,1
ENGLISH,microsilver,172
Chinese,深圳机场000089,24
ChineseT,周儀翔瓊斯盃對韓致勝　銅牌戰期待爆發,2
Chinese,因为它不仅决定了5g网络的构建方式,4
SPANISH,adultosmundo,1
ENGLISH,lipm6qrody,3
RUSSIAN,походах,18931
PORTUGUESE,atrásmi,95
ChineseT,全力投好每一球2018,1
ENGLISH,theinsein,3
Japanese,怪盗マティに御用心,1
Chinese,王源同框,1
Korean,시흥=글로벌뉴스통신,893
ChineseT,不了解情況,46
MALAYALAM,സ്വർണവേട്ട6,1
Chinese,并且已经生产销售请问是否属实,1
SWAHILI,mutinda,30
Chinese,干部过节不闲着,353
TURKISH,yenidaniştaydan,3
RUSSIAN,ванневместо,46
Chinese,2018年存钱比投资股市有赚头,13
Chinese,访学校招办,190
HUNGARIAN,nyugdíjukról,139
TURKISH,halkbank´tan,260
FRENCH,zl9t9ml5uv,2
ESTONIAN,lisatakse,573
HUNGARIAN,dízelesek járnak,54
Chinese,并称统计局之前预估的2,13
Japanese,朱旭氏死去,56
ITALIAN,hashinsh,6
Chinese,大商所正抓紧推进粳米期货上市前准备工作,4
HEBREW,ומקס,6495
Chinese,一是产业化导向,19
Chinese,券商集合理财计划产品发行数量4811只,2
Japanese,シャーロットさん公演,3
ChineseT,終於進入aura,19
Chinese,明火已扑灭,4909
Japanese,２歳をお祝い,40
POLISH,przebadales,1
POLISH,trasękoncertową,7
ChineseT,輕率決定,8
DUTCH,corrida,437
ChineseT,墨西哥3層在建商場倒,4
Chinese,扬子江船业6艘订单获融资支持1082,2
ChineseT,新劇收視理想,5
ChineseT,蘇花改壅塞　回堵蘇澳逾4公里,2
RUSSIAN,45жк,179
THAI,30กลุ่มการเมืองยื่นขอจดทะเบียนพรรคแล้ว,41
DANISH,detmest,227
ChineseT,藉此提昇網頁瀏覽效率,24
Chinese,天猫618精品洗衣机,48
HINDI,लाल खट्टर,77
POLISH,tak cicho,24
RUSSIAN,eye 9258   ,1
VIETNAMESE,bartomeu ,6
ChineseT,午間在岸價在6,2
ROMANIAN,locale524,1
CZECH,turnaji,73979
ENGLISH,781mw,162
Chinese,虚假新闻报道截图系伪造,185
GERMAN,58 frühling,1
FRENCH,brünig,420
RUSSIAN,алматы329616,1
GERMAN,4icmgoa7,1
GERMAN,anrückenstars,47
Chinese,韩国一家船厂发生爆炸事故2名中国工人,194
ChineseT,原能會駁澎湖微電網失效,3
SLOVENIAN,33620,1
FRENCH,10h50,10524
GERMAN,stundeder,159
ENGLISH,½uprooted,72
ARABIC,dpefiundeg,1
TURKISH,tespitimizde,2
Chinese,人工辅助ai的六大优势,21
Chinese,他是所有女生的男神16736403小时前,3
SPANISH,�tuve,1
ENGLISH,jsedwhho4q,4
ARABIC,⁦☝️⁩⁦☝️⁩⁦✌️⁩⁦✌️⁩,4
GERMAN,37401fairplay,1
FRENCH,sudistele,46
ITALIAN,esecutoriore,11
Chinese,武汉18分钟到京,5
Chinese,美国墨西哥湾地区原油库存上周增加870万,9
ITALIAN,bml9h7ehza,7
ESTONIAN,ameeriklastega,139
DANISH,oeor,1
ARABIC,الربيحاتباص,24
Chinese,评价她将腹黑御姐形象诠释得淋漓尽致,87
GALICIAN,conseguir,2298
Korean,국내여행사,1411
Japanese,結納応援フェア,1
GREEK,slide10209,2
RUSSIAN,25х2х24awg,3
ChineseT,嚇窒,63
Chinese,演讲大赛启动,703
Chinese,09雷蛇更新blade,21
ChineseT,竊油失風　男子遭警當場查獲,28
SPANISH,nir017'0en,1
Chinese,要确保中美关系发展动力越来越足,22
FINNISH,mikaelista,356
Chinese,小饼干,86
ENGLISH,changeupgrade,20
TURKISH,mudahhara,3
Korean,수사매뉴얼,1725
ENGLISH,6515,3514
RUSSIAN,натурный,1966
DUTCH,stadskraaien,260
GERMAN,24leroy,1
ChineseT,政府年終紅包引眾怒喊卡 ,5
Chinese,重庆主场平上港,3
FINNISH,mummotunnelissa,755
ChineseT,港交所發布三年規劃,1
ENGLISH,4kronnie,4
Chinese,压垮美股,5
ENGLISH,wolgetan,3
Chinese,平安基金正在发行的平安核心优势混合基金拟任基金经理李化松已主动跟投30万元,1
ARABIC,سيدعمونها,1
Chinese,大银监罚决字,1
Chinese,第一名出炉,155
RUSSIAN,бюджетуспецпроектпресс,1
ARABIC,المستفيدأعلن,1
ChineseT,創業家點出問題所在,100
PORTUGUESE,crimesete,20
RUSSIAN,педіатричній,8
Chinese,从香港模式到新加坡模式,391
GERMAN,sps90g40,10
Chinese,精准扶贫精选画作展在西宁开展,47
ENGLISH,jitpleecheepnanat,2
ChineseT,一片廣闊藍海,34
Chinese,纯净素雅,16
RUSSIAN,возвращается53,1
GREEK,εξανεμιζονται,88
ENGLISH,130355,5
ChineseT,女神陷阱,10
ChineseT,並非先前所預測的吳婦所為,3
PORTUGUESE,53065fans,68
MALAY,trending5679,24
Chinese,当带鱼遇到猪肉,8
ChineseT,想echo篩選過的資料,24
ENGLISH,dbsbank,471
TURKISH,bakanlıklarıni̇si̇mleri̇,2
DUTCH,39toestand,3
GERMAN,52+54,264
GERMAN,kgpg,198
ENGLISH,marriagemichael,7
MACEDONIAN,затвотра,1
Chinese,距今已有830,101
Chinese,乃至斯巴鲁的最大卖点,101
ENGLISH,dncmother,13115
PORTUGUESE,afas,90
ITALIAN,gregoriano,7368
TURKISH,şampiyonudöşemealtı,1
Chinese,完爆苹果,12
ARABIC,‏تاريخي,1
DUTCH,borellestoet,22
SPANISH,semimembranoso,29
CROATIAN,podnicama,2
ITALIAN,cavanella,879
ChineseT,漢洋開騷帶細仔上台合唱,4
ENGLISH,total82,18
Chinese,常州市区保障性住房有关政策解释,4
Japanese,セルビアが伊下し初優勝,30
RUSSIAN,местой,337
Chinese,超额完成全年目标创历史新高,2
Chinese,大禹节水牵手雄岸科技,80
Chinese,白云街道联南社区楼道小广告屡禁不止,48
Chinese,令美联储有加息压力,2
ENGLISH,mosquescores,15
CZECH,11358,9
RUSSIAN,minestrone,2
SPANISH,blaha,1
PORTUGUESE,vresk,12
RUSSIAN,1148193,1
BIHARI,राजकुमारले,125
RUSSIAN,наошибавшись,1
Korean,광주숭일중,1121
CZECH,hoší,2
GREEK,μικρόπουλος,2918
Chinese,上交所的2019,19
Chinese,北京奔驰长轴距a级轿车正式上市,571
MACEDONIAN,авокомпании,68
LATVIAN,īpatņi,172
SOMALI,大同工業,1
Chinese,成都式的慢生活,85
Chinese,>聚焦faker,24
ARABIC,برشوه,103
ITALIAN,147482,4
Japanese,船橋の女性刺傷,7
SPANISH,país72,23
DANISH,frxer,1
CZECH,xlion,118
ENGLISH,bs5ri1lvxz,1
Korean,부산경제정의실천시민연합,50
RUSSIAN,двуреченскому,81
ChineseT,電宰公司總經理的鋼與紙展覽,1
Korean,초청작가로,4072
Chinese,英政府认为俄罗斯或与斯克里帕尔中毒事件有关,10
ITALIAN,5c7ef4be9afc9,1
ITALIAN,ragionasse,127
Chinese,亲密你我,182
Chinese,创造振兴发展良好环境,50
HEBREW,למאפיה,547
DUTCH,nassau`s,8
GERMAN,welt1458,1
Chinese,债券违约承销商被,3
Chinese,3年前体检正常3年后心梗死亡,19
RUSSIAN,в неадекватности875,4
PORTUGUESE,14h51variedadeschanning,1
Chinese,p20开启ai新时代,1
Chinese,12月12日到期外汇期权合约,1
RUSSIAN,прокоммнтировал,5
ChineseT,水晶,261
SWEDISH,utfäst,1083
MACEDONIAN,неа,22393
Chinese,e安宝,1367
GERMAN,weberwebhash,1
ChineseT,無人駕駛公司為何愛在鳳凰城試車,18
RUSSIAN,пострадавший48,1
Japanese,公務員は個人カード年度内取得を 19日,14
SPANISH,55los,41
NORWEGIAN_N,glatten,135
Japanese,の可能性12,2
GERMAN,shooterwir,24
RUSSIAN,фсбеншые,8
Korean,성적이라는,210
Chinese,首站选择去哪,9
FRENCH,09sportus,19
Chinese,特朗普提名美最高法院大法官听证会现场,4
ROMANIAN,47636,1
RUSSIAN,защищала,62544
MALAYALAM,ഉണ്ടാകാം15,1
TURKISH,dormer,521
GREEK,ζώρζο,226
Chinese,新能源动力电池回收办法,6
Chinese,伊涅斯塔惊喜现身,22
PORTUGUESE,belazaima,164
ITALIAN,bwfecgnslf,2
Chinese,洛阳4a景区称不以盈利为目的,6
ChineseT,美國特使將與北韓官員再度相見,5
ENGLISH,turizo,743
Korean,헌혈앱이,54
ENGLISH,picklestripes,552
Chinese,懒人蜂蜜减肥法让你快速瘦下来,136
ENGLISH,speech14,25
RUSSIAN,союзспецодежда,3
BOSNIAN,0salvini,1
DANISH,gykiu,1
Korean,코퍼레이트파트너십펀드,50
Chinese,天安门模型,3
HINDI,हृवात्तै,62
PORTUGUESE,goiâniashow,80
Korean,ocd,47
HINDI,दीपचंद,108
SPANISH,minutosgarantes,1
Chinese,玩家集体狂欢,23
CZECH,sběratelka,6329
NORWEGIAN,86054,95
GERMAN,cmich,50
RUSSIAN,от dark,7
FRENCH,fléchard,87
ENGLISH,kemontasmom,29
Chinese,但上周已从华盛顿返回沙特,4
Chinese,或将成为深圳版天河城,25
CZECH,m2kovářská,11
Chinese,美联储承诺进一步加息后,2
Chinese,yg老板性招待案将过追诉期,1
ITALIAN,robertoberna,19
DUTCH,huisfotografe,8
PORTUGUESE,13h42mudança,2
ChineseT,到底有多殘破,50
VIETNAMESE,expandicon0,1
ChineseT,扣查伊朗運油輪,2
ENGLISH,ward20181025231710,153
RUSSIAN,выдохнули ,11
ChineseT,成為了這個,1
DANISH,gravkvinde,34
THAI,ภาคิน'เปลี่ยนชื่อ,16
INDONESIAN,mattobi'in,1
CZECH,nepovinně,648
Japanese,ジャパン株式会社msci,4
Korean,가족변화와,722
Chinese,四川颁发首张农村集体经济组织,97
ARABIC,اجتماعاh,4
Korean,수능영어가,5
RUSSIAN,ухдоп,2
CZECH,orezlá,408
ChineseT,流感病毒攻腦,19
CZECH,olejezničí,2
HUNGARIAN,581575,2
Chinese,发布一份对欧盟价值40亿美元的额外关税清单,35
Chinese,江苏8家饭店被点名,24
ChineseT,希望青少年能夠尊重身體並愛惜生命,10
THAI,ลูกสาวร่ายรำส่งแม่ทั้งน้ำตา,5
ENGLISH,carswellsimpsonville,24
ChineseT,投資朋友,49
Unknown,f257652eja,1
PERSIAN,سفرکربلا,112
ChineseT,雅典衛城因為炎熱暫時關閉,3
ENGLISH,patrickforo,5
NORWEGIAN,birkenhagen,334
Chinese,英国脱欧战略将损害美国达成贸易协议的机会,1
Chinese,哲学吗,201
SPANISH,5cecc15060401,1
Chinese,价值股成长股各有机会,78
ITALIAN,calcio965 articoli,1
BOSNIAN,neprilika2h,2
Chinese,筛砂机,13648
Chinese,机器学习追风潮,24
ENGLISH,n0hexjxcvk,2
Chinese,或创造新行业,1
ENGLISH,allen weisselberg,84
ARABIC,176090,1
CZECH,supermanévr,8
Korean,윤재민,3
GEORGIAN,ნებაზე,52
ESTONIAN,kõrgemäe,1583
ChineseT,休城客家會,47
ITALIAN,anto7558,8
Japanese,ラストライブで涙写真,1
ChineseT,這是達叔吧,35
ENGLISH,piesladbrokes,22
ARABIC,1440لمدة,4
Chinese,6小时结局逆转,168
ENGLISH,cakebirthday,15
Chinese,台媒曝安以轩预产期为7月左右,38
ChineseT,三峽大板根賀新年,18
Chinese,易读|vivo计划2019年推出首款5g预商用手机,17
Chinese,淡水河谷发布二季度产销量报告,1
GERMAN,vlx6100,1
ENGLISH,establishments invite,134
CROATIAN,vodavlada,46
GUJARATI,નિકાહથી,1
HEBREW,אליאס172,1
RUSSIAN,байгунчеков,143
Chinese,流量明星被抛弃好演员将出头,12
Korean,특별전'북경,70
Chinese,玉娥郎,19
ARABIC,حوالي10,1
ENGLISH,raa2lxs1ow,29
INDONESIAN,priok14,38
ENGLISH,werty603,1
Chinese,盘面上仅养殖,1
HINDI,करते आयुष,476
GREEK,ανασκευασμένη,28
Chinese,netstat实现原理,11
TAMIL,தோட்த்தொழிலாளர்கள்,3
Chinese,手捧西兰花面露甜笑,26
FRENCH,bréchet,1752
SPANISH,warten,29
PORTUGUESE,refrigerantes,38965
Chinese,超卖创5年之最金价抛售潮有望终结,23
NORWEGIAN,demonteringa,91
ENGLISH,kleinfederal,315
ARABIC,20146,94
Chinese,松原保温铝皮哪家好|济南保温铝皮|保温铝卷价格,1
GREEK,στοιχηματισμών,34
RUSSIAN,ведьминские,20
NORWEGIAN,hockeypodcast,138
VIETNAMESE,snapper,5
RUSSIAN,2075516,1
ChineseT,3件事恐傷選情滅韓流,4
ENGLISH,5c3ead78ed2a1,1
BULGARIAN,вионас,1
Chinese,甲国际线机场税下降'>,23
Chinese,青岛抽油机专用牵引带生产厂家参考价格,5
Chinese,腾讯还要和抖音一较高下,1
Chinese,三家上市公司各有所获,4
RUSSIAN,b0238,2
POLISH,176510,1
GERMAN,507mehr,1
GERMAN,jornali,1
Chinese,防范政治风险,1041
Japanese,を根っこか,2
Japanese,バイエルン戦のハンド認める,4
Chinese,搜狐家电,25555
RUSSIAN,1 545,289
FINNISH,inspiroidut,74
GERMAN,sabotiertvon,743
SWEDISH,måndaglöfven,2
Chinese,走进燕南春酒博园,25
Chinese,重庆精准治理食品安全问题,76
Chinese,为700户贫困户增收,25
ChineseT,人類很可能是宇宙唯一智慧物種　不存在外星人,5
TURKISH,projedilovası,32
Chinese,中期选举将至,377
SWEDISH,kralgar,14
ChineseT,或是利用載具捐贈尚未開獎雲,6
SPANISH,osyc,284
ENGLISH,bqvpnkf7al,21
ENGLISH,breastf,538
Chinese,二审法院驳回公司上诉,24
ITALIAN,201849,32
ENGLISH,and sports meet,24
ROMANIAN,aparăîn,1
ARABIC,سيدتان ,8
Chinese,会迎来更快速的发展,12
RUSSIAN,40артистов,28
ENGLISH,expenses40,6
RUSSIAN,лжеправозащитник,4
Korean,여행권의,2996
SWEDISH,09ny,403
Chinese,肇事者被逮捕,31
FINNISH,juoksunsa,24
Korean,미사일경보,2
TURKISH,bozüyükteki,47
ChineseT,富強中國惠及世界,184
GERMAN,aufgetaucht112,25
Chinese,忍了同胞,3
ITALIAN,5d60aa28636e9,1
Chinese,记梦器,13
GERMAN,schlaglichtertotes,2
Chinese,赴京推介诚意满满,24
Chinese,神奇的软体机器人,8413
Chinese,杨浦大桥以东黄浦江新岸线9月将重回市民生活,10
Chinese,深圳龙岗少儿街舞考级暑假培训班的费用,1
Korean,①청와대,137
Chinese,9335人已参加你的,1
Korean,사황벳,1
Chinese,对标余额宝的微信零钱通来了用户粘性或取决于习惯,23
ChineseT,小時守護高齡者　產製照護日誌揪甘心,51
ChineseT,天秤座協會,1
ENGLISH,achterhaalde,78
Korean,드립니다﻿﻿,24
THAI,ประเมินผลกระทบสงครามการค้า,4
CROATIAN,ogradu24,2
GERMAN,klimageräte11,1
Chinese,学校公园公厕铝屏风装饰材料,12
ENGLISH,sij0qdeuan,138
Chinese,钱来了,59
Chinese,朴彩英成节俭典范,1
Japanese,ひどい雨,4
POLISH,khurbena,1
FRENCH,43op7zlb4w,2
GERMAN,quellitzsee,39
TAMIL,டிரம்ப்23,13
Chinese,三峡水库,259
GREEK,κανονιστικής,1329
ENGLISH,swellstorm,2
HINDI,पाहाल,3
Japanese,月内の捜査報告書提出否定,6
RUSSIAN,1557303131,53
Chinese,永嘉成立乡村振兴青年团,24
RUSSIAN,679александра,1
ROMANIAN,5060,42
BOSNIAN, 6mfotografija,2
ENGLISH,chinahumberto,47
Chinese,贵州省进一步优化和规范高考体育专业考试管,131
ENGLISH,kaitaia's,63
ENGLISH,00am389,4
SPANISH,rousillon,2
TURKISH,artanlar176<,44
GERMAN,neuntage,3
ITALIAN,approfondimenti6443,2
FRENCH,50entre,3
Chinese,拉勾网发布,17
Chinese,政协开幕等受关注,127
UKRAINIAN,простішимвчора,6
HUNGARIAN,hawley,30
ENGLISH,colburnwilmington,25
RUSSIAN,целиакия,917
Chinese,星巴克零售咖啡业务,223
TURKISH,37   almanya,5
Chinese,出售阳丰甜柿子苗多少钱一棵,1
ENGLISH,accutane,36099
Chinese,奇瑞的每一款车都是绝版,501
Chinese,这位副外长竟去了咱周边唯一的未建交国,11
Chinese,2018年军队院校招收普通高中,39
RUSSIAN,абызовановое,4
CZECH,oic7r6fi53,2
ROMANIAN,primare,18739
SPANISH,½ahungrï,2
POLISH,∇,5
INDONESIAN,braan,78
LITHUANIAN,12930,3
ARABIC,عالميةتعاون,1
Chinese,这才是合肥人假期最值得去的9个地方,3
Japanese,beingブロックチェーンが人にも環境にも優しい,80
SLOVAK,abelhinha,9
ENGLISH,hiller's,6757
SLOVENIAN,177344,1
ChineseT,有種報警啊,4
ENGLISH,552kod,1
Chinese,遵化全年植树造林10,30
DANISH,kjdqa,1
RUSSIAN,2018522,4
LITHUANIAN,palepinkite,99
ChineseT,google移動軟件銷售違反土耳其競爭法,2
ENGLISH,wudzee0,7
Chinese,港澳媒体突出报道,2
ChineseT,理由有點中二,1
ENGLISH,agdl8um12f,3
ENGLISH,wolinger,29
GERMAN,56 lambrecht,1
Chinese,6美举行新一轮对华,3
ChineseT,先進光引大陸車廠參與私募案暫時喊卡,3
ITALIAN,gcla,6
POLISH,ciekawostki21883,5
ChineseT,西半球最高戶外觀景台明年建成,21
THAI,ย้อนบทสัมภาษณ์เก่า,25
Chinese,进而为其对外肆意挥舞保护主义大棒提供借口,1
ChineseT,急急急~委託住x不動產專任約想改一般約,2
RUSSIAN,оклеветавшему,117
Korean,청춘배우,192
Chinese,晚间还有新高,1
Chinese,文在寅今将召开新年记者会　介绍2019年施政方向,12
RUSSIAN,54мечта,2
GERMAN,w10859,25
BOSNIAN,3mpanathinaikosu,1
PORTUGUESE,1ºo,125
Korean,중앙유치원장,16
ALBANIAN,depozituam,5
HUNGARIAN,legalise,19
DUTCH,vluchtde,34
Chinese,日本墓碑价格上涨,15
Chinese,让我们足足等了8年查看详情,1255
ENGLISH,labour16,39
Korean,겨울여신의,7
RUSSIAN,кадишем,168
Chinese,网通社从东南汽车官方了解到,210
BULGARIAN,558413,1
Japanese,mateb,12
Korean,기술생산직,284
CZECH,01752359,5
RUSSIAN,36заявку,1
Chinese,共6194张,19
FRENCH,condamnele,1
ENGLISH,zuccon,1987
Chinese,皇冠娱乐走地股一览表,117
GUJARATI,પડાયેલ,15
RUSSIAN,коллагеновое,462
Korean,세계연합은,3
DANISH,fgv,23
Chinese,詹姆斯还在哪场比赛中如此大败过,2
THAI,ฟอลคอนควงกระสือเหมาเข่งหุ้นต่อ,2
Chinese,示范了最佳分手处理还是,4
ARABIC,بوصنطيحة,2332
RUSSIAN,скрипалей49031,1
RUSSIAN,железы191817,1
Chinese,2732食来运转首播,6
ChineseT,受訪吐出13字,1
ChineseT,fhdrip,14
Chinese,赏枫也渐入尾声了,3
SPANISH,jaquavion,8
POLISH,adekwatny,1717
TURKISH,galeri5673,124
ITALIAN,affidatario,1587
RUSSIAN,601129,2
ENGLISH,nerad',7
Korean,창당후,100
THAI,หลังกระแสเมืองนอกดีเกินคาด,1
RUSSIAN,городке1110,24
ChineseT,我盡力了,143
GERMAN,17875,5
Chinese,925海贼王首播,7
Chinese,3黄金空来空去空成愁,15
Chinese,广州厂土地纳入政府土地更新改造范围公告,2
ChineseT,皇馬1將是核心,1
BULGARIAN,натик,10
FINNISH,kiinnipitoaika,51
RUSSIAN,вечером 5,1
ENGLISH,김추월,24
Chinese,这里的水,694
Korean,품질평가센터,6
THAI,ยศกร,9
ChineseT,能吞氣球不怕死,1
Chinese,波特曼胸前挎女儿边走边喂饭,37
ALBANIAN,konfindustrisë,33
Chinese,重视发挥道德教化作用,48
ChineseT,颱風未來幾天可能生成,8
SWEDISH,albumefter,3
FRENCH,mochila,57
ChineseT,兩韓峰會4月底登場,11
Chinese,p90曝光,83
FINNISH,kaskas,189
GERMAN,aquatic,6852
RUSSIAN,уровень635,1
MALAYALAM,ആദ്യംവന്നത്,30
Japanese,と同じネット舞台,20
Chinese,海外全资子公司智慧石油通过参与中国海油组织的对外合作招标,1
Chinese,日产前董事长戈恩获保释后离开看守所,76
NORWEGIAN_N,elieser,337
NORWEGIAN,jernbaneunder,156
Chinese,从农民工中走出的,122
Chinese,上天入地秀尽你的骚操作,1
Chinese,2018浙超联赛资格赛决赛,3
ChineseT,台南興國中學學生起而行,1
Korean,토핑젤,6
Japanese,障害者雇用率　不適切計算方法宇和島市病院局　１４～１８年度,76
ENGLISH,danufil®,51
RUSSIAN,группу411028,1
Japanese,荏隈秀一選手モデル,1
SPANISH,gaytiene,1
ChineseT,馬來西亞總理馬哈地,4
Chinese,刘特佐发言人抨首相,10
FINNISH,rajanaapurina,17
SPANISH,69923,2
ENGLISH,flagstic,2
Chinese,乱发博表白女儿却,1
SWEDISH,sjöängssältorna,117
Japanese,大江健三郎さんの原稿が4本も掲載されている理由,23
Chinese,要赔死的,15
ITALIAN,articolovettel,140
THAI,ย้ำถิ่นผู้ดีส่องงาน,8
MALAYALAM,കൊ​ല​വി​ളി,1
Japanese,自治権剥奪で緊張も＝イスラム多数の北部州,9
ENGLISH,kdapbq8hse,2
ENGLISH,herithage,2
RUSSIAN,александрии22121,1
RUSSIAN,12вчерароссийскую,25
TAMIL,தகுதிநீக்கத்தால்,3
Chinese,地方两会上的民航声音,41
CZECH,4277 hlasů,2
THAI,เล่นมนต์ดำ6,1
FRENCH,décastar ,6
Chinese,从机,3
ChineseT,柯文哲是叫總統什麼都不講嗎,25
LITHUANIAN,25821,1
Japanese,ブラックの意識がない,2
Chinese,白银是不是随时都有补涨结束呢,1
ChineseT,大車盲點比較多,6
RUSSIAN,и любви1076917,1
PORTUGUESE,442443,1
BULGARIAN,ccbre,20
GERMAN,hautevoleekommende,122
Chinese,是今年政府工作报告中民生议题最为鲜明的特征,616
Chinese,回天利剑,853
Chinese,原来你一直都错了,204
RUSSIAN,813ани,1
THAI,เรียนรู้ภาษาอังกฤษบ้าง,9
GERMAN,nrw24,2546
Chinese,称三星galaxy,16
BOSNIAN,33mramos,1
CZECH,sáňkovačka,2
THAI,ชวนเป่าเป้,4
ENGLISH,ledchik,1
FRENCH,souteniroccupée,224
Chinese,净水壶不仅能除水垢,23
Chinese,金种子酒净利大跌51,147
TURKISH,yoðunluðutürkiye,291
Chinese,消费者索赔遭拒,23
Chinese,北陆药业自曝参股,22
Japanese,trailblazers,196
Chinese,骁龙855旗舰iqoo今日全网首销,22
Chinese,24美元是否能持续高歌,2
Chinese,提升城市品质信网8月9日讯,7
SPANISH,sitp,38201
POLISH,obśmieciasz821,1
ChineseT,你們買超過4000就比總統大咖,73
GREEK,μέρκλελ,1
Korean,데스크칼럼문제는,24
POLISH,uderzymy,697
ChineseT,拓展農產品外銷,6
GERMAN,strategievorschlag,42
ENGLISH,siedow,150
Japanese,正面衝突死亡事故現場で意見交換　福島,17
ARABIC, هرج ,2
Korean,공동수,181
GERMAN,wildtomate,216
RUSSIAN,тука166,1
Chinese,水城县小龙虾苗价格一哪,1
PORTUGUESE,08h40cotidiano16,2
Chinese,津巴布韦发生严重交通事故12人亡,4
RUSSIAN,pokup,65
FRENCH,trafficker,174
Japanese,apec会議の注目点を専門家が解説,85
GERMAN,aglae,15
Chinese,电动车制造商,8
ARABIC,صور|عمال,1
ENGLISH,143852,2
ChineseT,新北市公立高中職辦學,44
RUSSIAN,шарики53841,1
TURKISH,55bilecikcumhuriyet,1
Chinese,ps5显卡性能将看齐rtx2080,35
GERMAN,59pjöngjang,2
LATVIAN,mamutam,1
SPANISH,00recién,7
DANISH,uqrwnm,1
FINNISH,1022077137183010818,29
ChineseT,身兼觀塘區議員嘅立法會議員何啟明翌日,19
Chinese,村民救护大鲵,24
TURKISH,zedel,1
GERMAN,behördenleitung,138
ITALIAN,dwg,2002
Chinese,古代一个重大历史规律,1
Chinese,希腊男子迟到2分钟逃过一劫,13
ESTONIAN,kohtumisürituste,36
HINDI,शाकाल,74
Korean,나과장을,2
MALAYALAM,കമ്പനികളെയെല്ലാം,65
Korean,2480선이,63
Chinese,通用电气股价飙升超14,9
Chinese,开封新东方村镇银行文化信息交流中心人才招聘,311
Chinese,通知发出后,30
GERMAN,vor­erkrankungs­klauseln,121
RUSSIAN,nobelic,67
FRENCH,silc,1453
Japanese,古田俊夫氏＝旧砥部町議会元議長,6
ENGLISH,falls9 minutes,1
PORTUGUESE,opçãovídeo,24
SPANISH,desagraden,35
PORTUGUESE,reativadas,212
DUTCH,botha,211
DUTCH,eetstoornisiedereen,26
ChineseT,表示他正在和中國國,31
UKRAINIAN,бессараб,100
ITALIAN,tqf1zedzd1,1
Korean,쓰여있다,466
HUNGARIAN,rendet­lennek,27
RUSSIAN,соцсети191001,2
SPANISH,59compraba,4
RUSSIAN,здра­вомыс­лие,1
SLOVENIAN,špageterijo,42
RUSSIAN,докупила,483
RUSSIAN,авиабилеты6,2
RUSSIAN,ааанакб,205
ESTONIAN,põhivajaduse,21
ENGLISH,1livcye3gl,1
BOSNIAN,487izetbegović,1
Chinese,创业板指等a股主要股指继续弱势震荡,11
RUSSIAN,сиять,6464
ChineseT,誠意十足的招募,28
Chinese,两厢思域价格,1
ENGLISH,semiconducting,4955
Chinese,宋珺医生给患者吉,1
ENGLISH,5cad35698032c,1
SLOVAK,terrion,28
ChineseT,羅志祥急,2
TURKISH,isvecte,871
ITALIAN,spettacoli2751,3
NORWEGIAN,jernbanekoloss,119
Korean,k파티만,11
Korean,311조원,1
ARABIC,hahimdlxre,4
ENGLISH,wagnernewton,74
ARABIC,إيساياس,50
ChineseT,沒有英雄命,1
PORTUGUESE,avançodemanda,46
ENGLISH,girl1262,1
RUSSIAN,скандала49,2
Chinese,别再用另类眼光看,191
Korean,a54e0323f41841d,2
BOSNIAN,511manijaci,2
HUNGARIAN,gyengélkedőjén,8
Chinese,今日头条高管,27
Chinese,养老金涨了多少,12
DANISH,lxq2,1
DANISH,boaph,1
Chinese,但核心cpi继续下行,1
ARABIC,طهمازي,303
Chinese,18款丰田霸道2800,8
Chinese,淘宝春节数据,1
Chinese,重磅｜最新公示,718
ChineseT,短命的藝術,15
ENGLISH,eswa5jxhj8,2
Chinese,11家4a景,1
ENGLISH,connectionwe,1005
ChineseT,上駟對下駟,12
ARABIC,كامبريدغ,45
Chinese,如果穿越时空,19
Chinese,日在北京发布新机360,110
ChineseT,百年蓄積,48
RUSSIAN,дипломата16,4
GERMAN,sehrgay,5
GERMAN,neuesautomessen,2
ChineseT,行政院長賴清德也向蔡英文請辭,27
Chinese,新加坡等东南亚股市跌,20
GREEK,31506,3
TURKISH,ölümümaltepe,91
VIETNAMESE,36230,1
ChineseT,娛樂三上悠亞宣布要搞5p進攻南韓2018,3
GREEK,αθλητικά7542,1
Chinese,用心做好计生服务工作,19
ENGLISH,australianprojects,23
Korean,현안업무보고회에서,79
Chinese,土拍战火重燃,48
ChineseT,公元前566年,1
Japanese,ハンセン病元患者の,2
ARABIC,12العالمالسعودية,16
THAI,ตบหนุ่มไทยยกพลเก็บตัวแดนปลาดิบเตรียมบู๊ศึกเอเชีย,5
Chinese,奖状铺满宿舍,37
HINDI,তসলিমাকে,9
Chinese,牧春花有勇有谋,93
Chinese,一加骁龙8150新机遭曝光,16
Chinese,7月2日lme基本金属官方开盘库存报告,26
ENGLISH,5cec17f6f0da2,1
Japanese,引っ越し契約の際,10
ENGLISH,csun in,91
DANISH,jykay,1
ITALIAN,spettacolo2216,16
DANISH,zags,1
Chinese,30年和50年陈年茅台系勾兑而成,2
GERMAN,abfallverwertungsunternehmens,167
SWEDISH,42polisens,9
Japanese,7payを終了させた本当の理由とは,62
ChineseT,會五人小組戳,1
MALAYALAM,அலருறீங்க,2
POLISH,tranogórskiego,53
ChineseT,熱血愛好機器人福音,23
GERMAN,motiv22,25
Chinese,评美国一些人,6
RUSSIAN,06     6723 ,8
ENGLISH,earnings30113,1
Chinese,内蒙古首例组织公务员考试作弊案一审涉上百考生,1
TURKISH,0mega,26
BOSNIAN,čekanja9h,1
ARABIC,من خدماتها,78
Chinese,qrtcve,2
RUSSIAN,ларсонbrie,262
RUSSIAN,324760,1
Chinese,10元吃遍上海经典美食,69
Japanese,ラナイカフェ,2
ChineseT,司機與乘客爭執拉扯後同跌地,2
SERBIAN,tretirani,688
GREEK,φαλιρίσαμε,29
Chinese,孙杨徐嘉余展现统治力,5
Chinese,两市再出地量,17
Chinese,广西新媒体大楼,17
RUSSIAN,7435028,1
Chinese,一汽集团接近达成对拜腾1亿美元投资,2
POLISH,frydrychowie,159
TURKISH,londra'yi,100
Chinese,鸟背引导模式奖励介绍,1
Chinese,松子鱼和椒盐鱼排,4
GERMAN,tobel30,3
INDONESIAN,15032018,2
Korean,▲정읍,24
PORTUGUESE,inusitadoem,12
Chinese,细胞分裂e3收藏周边,68
CROATIAN,besprijekornog,648
FRENCH,motionportrait,1
Chinese,涉13个门类31个,5
SWEDISH,½kningen,8615
ENGLISH,havaianas,16144
RUSSIAN,собутыл,17
KANNADA,ಆಫ್ರಿಕಾಕ್ಕೆ,26
ChineseT,小珍妮佛招認,1
Chinese,10千瓦静音汽油发电机参数,1
Chinese,莲心茶怎么泡,8
Chinese,从秃山污水到青山绿水,34
CROATIAN,rumunijom,382
Chinese,中国汽车新,1
Japanese,ポーランドの高速道路でチョコレート流出,4
GERMAN,verpassenanzeige,119
FINNISH,kansallisvaltiolakia,82
ChineseT,有病制作創辦人,119
DUTCH,dusde,171
ENGLISH,vanuatu41,3
Korean,여주대신고,53
GERMAN,imageverfassungsgericht,1
ENGLISH,creativecorner,207
Chinese,8年级取消全区统考,6
ChineseT,許芷妍謝詩瑩赴中　,25
Chinese,这才是北京的魂,4
SPANISH,macropartículas,1
Chinese,意大利男足获总统接见,7
ENGLISH,montoyaplace,38
ENGLISH,twfuxvbatbtuextvrtdvassqubbdvaew,6
ChineseT,我是小野,10
Chinese,遭哄笑,16
ChineseT,這回端出的,3
Chinese,用吊炉烤叉烧试验成功,30
Chinese,对市场有何影,1
Chinese,三大运营商直面公众,95
ChineseT,​不必急於造假數字榮景,1
ChineseT,廣東率先改革建設,3
Chinese,张爱军任广东梅州市副市长,37
Chinese,因贩卖穿山甲,20
Korean,성대의,379
ENGLISH,6175°thu75°fri73°satweather,2
LITHUANIAN,saltoniškių,203
RUSSIAN,соперника487206,1
SPANISH,11485688531627294722,1
Korean,15성추행,32
SWEDISH,straffräddningnew,4
Chinese,0照片,2
Japanese,ｂｓｌ４建設差し止め求め,30
Japanese,ソフトｂ和田万全策,9
MACEDONIAN,опишан,39
UKRAINIAN,каппі,2
Chinese,想要治疗好肝癌疾病,23
HUNGARIAN,fressnapfkiderült,31
THAI,จัดหางานระนองเพิ่มจนท,1
SWEDISH,30leva,6
RUSSIAN,о денежных,32
PORTUGUESE,celado,27
ENGLISH,qbbqc5y2he,16
ESTONIAN,jürgens,480
ChineseT,以為賈,6
ChineseT,應重啟遴選2018,2
Japanese,強制給排気口部品,2
CZECH,humlovi,78
DANISH,em8f00,1
TELUGU, ఇప్పుడు కాన్సెప్ట్ సాంగ్,9
AZERBAIJANI,cəmiyyətinin bakı,50
Chinese,我国提出21条举措推动综合保税区高水平开放,18
TURKISH,334198185,1
SWAHILI,umezingua,2
MALAYALAM,അക്രമത്തിൽ,123
Chinese,文化礼堂构筑精神新家园,3
ITALIAN,trafficoval,64
SERBIAN,ниемайер,5
ENGLISH,adventurehoricon,2
TURKISH,onay1,5
THAI,จ้องแทรกแซงเลือกตั้งกลางเทอม,13
Chinese,达到1600万部,25
Chinese,全身脱毛并染发,82
Chinese,单车越野闯敦煌,21
DANISH,i'farligt,4
ChineseT,歐洲三大股市週三開盤漲跌互見,13
Chinese,英国央行利率来袭,7
RUSSIAN,1277721,1
RUSSIAN,амбаловым17572005,1
ALBANIAN,tramvajët,45
Chinese,湖南电力改革发展大事记,38
ENGLISH,6tyrell,4
ChineseT,南韓男子在寓所縱火後持刀襲擊鄰居　導致5死13傷,1
ITALIAN,31mondosalvano,1
FRENCH,syndicaliste27,3
HINDI,कॉन्‍टेंट,2
ChineseT,當選北市不動產開發商業同業公會理事長,24
DANISH,z5qj,1
ChineseT,每秒可訓練超過15萬張圖片,168
Chinese,厦门市促进老字号改革创新发展实施方案,29
ENGLISH,5d6306fad02c8,2
RUSSIAN,слепоглухому,821
GERMAN,vaduzeintracht,5
Chinese,下车之后没动地方就被,28
NORWEGIAN,7,1143451
POLISH, nagle,12
AZERBAIJANI,266582rəsmi,1
RUSSIAN,шпионах15713,1
GERMAN,sid=e59f7d1a56057b448c3d1ac4c32384190ac77a4f,3
ITALIAN,comnmissari,12
ENGLISH,sekido,1
HUNGARIAN,bérrabtartásról,250
ITALIAN,mwhku5hub8,13
ENGLISH,asyaaucufcbwaycqyuawwyvqeae,6
TURKISH, firma,15
HEBREW,ירושלמיהיום,2
MALAYALAM,സന്ദേഹം,13
SLOVENIAN,gospelske,42
RUSSIAN,тультепеке,131
ChineseT,每千瓦補助1萬6,3
Chinese,不负总书记的重托,849
Chinese,北京国丹白癜风医院推行评选,6
ChineseT,成兩岸,27
Chinese,三位年轻车主看雪铁龙天逸,5191
UKRAINIAN,правоохоронцям10,47
DUTCH,bestsellerschrijver,70
RUSSIAN,происшествия3955,3
CZECH,hadovkaevropská,1
SPANISH,rd5799,8
RUSSIAN,лейкоза823,1
Chinese,200万都不到,3
Chinese,包贝尔家庭写真展现有爱日常,23
RUSSIAN,1556788697,47
TELUGU,allege,23
RUSSIAN, 3 050   ,1
POLISH,zagazowywanie,6
PORTUGUESE,americanahospital,28
Chinese,国家粮食和物资储备局与世界粮食计划署签署谅解备忘录,1
ChineseT,紅襪客場橫掃天使,10
ARABIC,معرضلتغريدات,19
Chinese,拼多多全面整改,2
Chinese,深股通卖出7768万元并买入1073万元,1
ITALIAN,viciniss,15
Korean,노숙인→,1
Chinese,风景再美也会后退,2
PORTUGUESE,10h30políticadeputados,1
ChineseT,3456歷經15年,1
Korean,고화질에,335
ChineseT,大家別誤會她,17
ENGLISH,birul,2
FRENCH,>tptpshq6,1
PUNJABI,ਖੁਸ਼ਵਾਹਾ,1
Chinese,需求比较旺盛,25
Japanese,基礎的なところを押さえたうえで批判をしていただきたい,7
GERMAN,chemnitz1152,1
Chinese,上半年光伏建设运行平稳,153
CZECH,do ameriky,14
Chinese,原油还是要回调吗,3
GEORGIAN,გმირები,1817
FRENCH,duperie,3538
ENGLISH,keyunlocked,254
Chinese,沈阳至承德用时缩短近9小时,2
Korean,스드메77만원대 ,1
HEBREW,דריגה,10
RUSSIAN,на носках,119
Chinese,称美韩军演目前无必要,101
SERBIAN,талентоване,792
Chinese,活动启动仪式暨,483
GERMAN,angererneun,1
ChineseT,誰接手桃猿隊,19
AZERBAIJANI,222874i̇lham,1
SLOVAK,žralok23 101,2
SPANISH,29políticafueron,10
HUNGARIAN,egyezkedést,57
TURKISH,i̇ncelem,137
ARMENIAN,էվակուացրել,12
HINDI,शहरलगातार,22
Chinese,指数蹭蹭上涨,20
ChineseT,f1新加坡大獎賽官方宣佈,2
FRENCH,emptying,41
THAI,พระราม2ไร้หมออยู่เวร,15
GREEK,45αμπατζάς,4
Chinese,损点保本损就可以,1
PORTUGUESE,filmenada,14
Chinese,一定要教会孩子这10件事,49
Chinese,驻省委宣传部纪检监察组有件,19
ChineseT,南韓拒與日本續簽情報協定,3
Japanese,こういう試合したかった,4
RUSSIAN,5d25473fd85bb,1
PORTUGUESE,juscimeirense,15
ChineseT,８３０７╱日圓１１２,2
Chinese,没后悔,2
ENGLISH,dalmatian's,6
Chinese,捉三牛股,23
Chinese,alphabet大跌拖累纳指走低,25
DANISH,sargasso,2
PORTUGUESE,aniversariante90,24
TURKISH,ozama,1
ChineseT,鮭魚握壽司爽吃,167
FINNISH,hälytysjärjestelmänä27,2
ENGLISH,香港贸发局香港玩具展即将于2019新年揭幕,1
FRENCH,8lmdaqwl2p,1
ChineseT,ika廚藝大賽,8
SPANISH,καισαριανή,4
HEBREW,ויקטר,490
Chinese,迪庆州召开2019年全州统计工作会议,104
Chinese,2019赛程过半,1
SLOVAK,bicyklárni,1
Chinese,你可知道奶爸背包里装了些什么,24
ENGLISH,cidri,502
UKRAINIAN,несвідомому,164
Japanese,人事承認で波乱も　ポンペオcia朝刊に反対相次ぐ,1
GERMAN,142360,120
THAI,ม็อบฮ่องกงแรง,26
Chinese,近期热门带看优选四居改善房,1
FRENCH,portis,3483
ChineseT,韓國瑜提3點建議,111
Chinese,华男在纽约法庭认罪,26
ARABIC,لتبعئة,9
ChineseT,罰沒長春長生百億,24
Chinese,把习总书记重要讲话精神落实到实际行动上,10
RUSSIAN,коноплейпроисшествия,42
ChineseT,交往1個月被甩　在車站19刀劈她成血人,6
Chinese,上周我在75低位布局做多,7
Chinese,四款合资紧凑型,6
RUSSIAN,гоббо,60
GERMAN,750karriereund,2
Chinese,高乃则,31
RUSSIAN,инспектора776,2
ENGLISH,average71,2
SWEDISH,spänningsromanerna,77
Chinese,开拓者老板去世莫雷险些离开火箭,15
Chinese,青岛红岛蛤蜊产业链不断延长,25
SWEDISH,58larmcentralen,13
ITALIAN,katedromos,393
Chinese,直播是高级讨饭,125
ENGLISH,girlhaydock,6
Chinese,04吴磊高考成绩总分456,44
RUSSIAN,в резне,66
ENGLISH,astrologysummer,5
Korean,문제해결은,317
Chinese,批发无沙眼5083,1
Chinese,小米入局区块链,368
Japanese,イタリア北部ジェノバの高速道路崩落による死者は３５人になった,5
HUNGARIAN,ütőerőt,1
ChineseT,霧中女子的深沉浪漫,1
ITALIAN,sociali221,24
ENGLISH,5d227ad011667,1
GREEK,πλανήτης9996,1
ChineseT,大陸非洲豬瘟高峰已過,2
GERMAN,zwrzrucy,1
HINDI,खंबर,2
GERMAN,13zuschauer,2
Chinese,8上海大学毕业两年三个月,5
TAMIL,நேர்காணலுக்கான,5
ENGLISH,5d478771cfe4b,1
Chinese,美经济已淹没在债务海洋中,4
Chinese,租房平台依法合规经营,52
RUSSIAN,1036123,1
PORTUGUESE,grimalt,16
ENGLISH,datastaying,67
Chinese,它是中国it行业一个成果,66
PORTUGUESE,292jogos,48
Japanese,jay加入,2
Chinese,奉贤吊车出租,1
PORTUGUESE,40hpg,15
ENGLISH,bjju4gdvac,1
Chinese,表面功夫,222
ENGLISH,مُحاسبة,332
ENGLISH,adapts6,1
Korean,굴비백반,255
Chinese,上海透明pc板厂家,1
Korean,터뜨려야됨,2
ENGLISH,89018,2
Chinese,cba15轮战绩回顾,3
ROMANIAN,prosecutori,1
DANISH,frivilligråd,51
Chinese,爸爸载4岁女儿醉驾面临刑拘,15
GERMAN,familienbücherei,20
Chinese,全球首创车载,13
POLISH,smalcu12,4
ITALIAN,news12057,3
ChineseT,出身哈佛,3
SLOVAK,majiteľa35 586,1
THAI,เชิญชวนนิสิตจุฬาฯ,207
ITALIAN,sicurezza1472,24
ARABIC,للإيثلين,11
PORTUGUESE,11h24variedadesgrande,1
NORWEGIAN,kjøreegenskapene,256
ARABIC,بنذبحه,5
GERMAN,motorradlüthis,108
Chinese,陕西油泼面就是美,81
ENGLISH,qbxmn9qhg0,15
ENGLISH,vimeo staff,97
ENGLISH,3jb7x6c5tf,6
FINNISH,viimeöistä,59
ENGLISH,studentssome,88
Chinese,抓好春季森防,305
Korean,직접설명,15
ENGLISH,roses32,1
TURKISH,üstlenmeyi,47
Japanese,コスギの配信,65
RUSSIAN,обществов воскресенье,106
GEORGIAN,ჩუკჩები,31
UKRAINIAN,оформились,144
Chinese,太阳能果林蔬菜杀虫灯,1
Chinese,1华人歌舞团夏令营,5
MACEDONIAN,досто,1
Korean,많을것,119
GERMAN,diplo5,1
ENGLISH,869303,133
Chinese,市场不息,25
ITALIAN,34uobyc9en,6
FINNISH,nousujohteisen,305
Chinese,内地居民可异地换补证件,8
Japanese,株式会社ポイントラグコーポレートサイト,1
MALAYALAM,തെറ്റിദ്ധരിപ്പിച്ചിട്ടില്ല,5
AZERBAIJANI,vətəndaşlıqla,4
AZERBAIJANI,046505sinoptiklər,1
Chinese,拟未来6个月内减持不超过公司总股本5,2
SWEDISH,möljeryd,75
SERBIAN,професионализација,1
ChineseT,片證被警推跌,13
SPANISH,kolé,30
ENGLISH,moveon forum,24
GERMAN,septemberspannende,32
DUTCH,powerview,2273
Chinese,hold功能的激活与解除,1
ENGLISH,cops',1380
Chinese,供应同凯塔吊,1
SWEDISH,derelicts,24
ARABIC,ايطاليون,413
Chinese,江华县森林公安局,29
SLOVAK,benítezove,3
NORWEGIAN,revysjef,168
ChineseT,90後的窘態,2
RUSSIAN,зрадная,571
Chinese,百合向日葵成热销,9
POLISH,8073cad,4
RUSSIAN,внерелигиозной,113
ChineseT,安撫商界,33
Chinese,谁能问鼎top榜6,19
FRENCH,news597,20
TURKISH,gündemangebire,95
FRENCH,323150,1
Korean,현빈x유지태의,2
ChineseT,總投資額達70億,3
DANISH,vsbv,1
ENGLISH,½baked,34
ARABIC,سعودي+صورة,12
ENGLISH,هماهنگه,1
ChineseT,外骨骼救缺工,2487
Chinese,衔接沿线轨交学校,14
DANISH,jbcf6,2
GERMAN,141776,145
CROATIAN,grobovima branitelja,1
ENGLISH,undergraduate,11757093
Chinese,美得州枪击案嫌犯照片公布,11
ENGLISH,graincrop,19
ChineseT,投資自動化,304
ARABIC,17236,88
ChineseT,高盛下調周黑鴨,6
ENGLISH,politikament,4
ENGLISH,afddrcucfb,13
POLISH,stokrotką,1656
TELUGU,భక్తులను,287
Chinese,滨江区举行九年级英语中考复,18
Chinese,硅锰高价氛围浓厚,1
SWEDISH,kaleggavägen,3
ENGLISH,region29,8
RUSSIAN,пенсию4919,1
TURKISH,tari̇feleri̇ne,289
Chinese,我是海阳的我家养的绵羊家庭用电动羊毛剪价格,1
SWEDISH,sov57,1
ENGLISH,affections20,2
Korean,車보험,16488
Chinese,奥迪领衔,43
ENGLISH,ensiled,59
ITALIAN,nylzh6kjcx,19
Chinese,当局加强防备,2
TURKISH,1979122543,3
Chinese,数据支撑美指,90
GREEK,ειδησεις15011,3
Chinese,网友惊讶会不会太夸张,25
GERMAN,beamteregierung,3
ChineseT,候診不再乾等　問診機器人協助看診,51
FINNISH,nimisenkankaalla,22
GERMAN,betriebsleitstelle,548
Chinese,pro确认双十一开售,2
Chinese,中国自由职业者是什么样的,1
TAMIL,ஆளுனரை,114
Japanese,リアアカ,5
ENGLISH,neighborhoodï,1630
Chinese,两国2+2磋商揭幕,12
INDONESIAN,dilewa,2
ChineseT,原器退役,24
Korean,대중교통망,761
RUSSIAN,в мостовском,162
FINNISH,47autoja,17
RUSSIAN,казахстанцу766,2
Chinese,两地挂牌政策是为留住新三板的优质生物科技企业,1
TAMIL,முன்வைக்காதது,12
TAMIL,దేవరకొండ,2
GREEK,68358,824
Japanese,摂食障害を促す,128
RUSSIAN,девочки20661,1
RUSSIAN,391трое,1
THAI,ยันพายุโซนร้อน,1
ARMENIAN,31682,45
ENGLISH,litterboy,50
ENGLISH,michaille,2
LITHUANIAN,impulsas,308
Chinese,优良耐用先进,1
ARMENIAN,vol3,193
POLISH,47995,1
ChineseT,亂局至今仲未平息,19
SPANISH,mediocultura,220
ENGLISH,vilansnl,1
SPANISH,nacionalesgestionan,21
RUSSIAN,общество13987,1
ROMANIAN,5d5c18b16c680,2
FRENCH,cartographé,1
Chinese,集中咨询日宣传活动,24
ENGLISH,3kdammit,3
Korean,bkc블록체인,2598
RUSSIAN,покупателях07,25
RUSSIAN,досказывает,26
ENGLISH,rollersauthorities,3
Chinese,黄金急跌1320美元关口失守,24
LITHUANIAN,karštakošę,19
Chinese,新车在上海车展首次登陆中国市场,221
HEBREW,בחאוורה,4
GERMAN,jingyi,27
SWEDISH,digitalkonstnären,8
Chinese,本周国内液化气市场宽幅下调,1
Chinese,音视频,53590
Chinese,509宇宙巡警露露子首播,2
ITALIAN,lbc2ukgd7n,3
Chinese,全球性问题引科学家关注,270
Chinese,领涨全世界,16
TURKISH,devamiköpeğin,6
RUSSIAN, 30398,7
Chinese,总结化学分析室的设计要点,92
Korean,달짝지근한,293
SLOVAK,dňoch11 229,1
PORTUGUESE,2018croatas,28
RUSSIAN,недели9062,3
KAZAKH,растамады,3
TURKISH,sapkınlıkbakan,24
RUSSIAN,45   748,3
Korean,인덕원~동탄선,1801
ChineseT,2019碾壓市場,51
PORTUGUESE,digitaloportunidades,46
RUSSIAN,5d171addc15b8,1
THAI,อุดฟนุนสินค้าไทย,1
CZECH,novinky1874,17
THAI,เจอแม่ค้าวีนไม่ขายให้,219
ChineseT,19164,3
RUSSIAN,299290,4
Chinese,不负一年好春光,137
ITALIAN,discinti,25
Chinese,全新飞度将于2019年第三季度发布,40
Chinese,甘肃省基层中小学教师高职评定看这里,24
HINDI,टेनरिज,7
ENGLISH,target=4781,4
Chinese,多维立体交通瞬达全城,69
RUSSIAN,медленными  6,1
FRENCH,½alya,703
Japanese,他者を愛せよ,28
Japanese,原油先物が小幅安,3
THAI,บอกมาตรการดูแลจัดการดี,1
POLISH,197euro,11
TELUGU,ఆజాంఖాన్‌పై,15
ROMANIAN,definitorie,2669
RUSSIAN,это прекрасный,44
GREEK, πλούσιες,13
RUSSIAN,кипре621004,1
Chinese,塑料垃圾已潜入海底一万米,39
RUSSIAN,хогинга,14
Chinese,莆田荔城一饭店油烟扰民,94
ChineseT,外資看好世界先進第4季創高,2
RUSSIAN,ng4i6bonmhi,3
Japanese,長崎原爆７２年,284
BENGALI,আইসক্রিমও,3
DUTCH,wielrennenmarianne,42
Chinese,车型加价40万,1
ARABIC,هەڵوێستمان,6
ChineseT,近三十名記者上場揮拍競技,1
Korean,동맹국에겐,7
ENGLISH,7stranded,22
VIETNAMESE,2m11,115
Chinese,增进高速公路建设单位与地方政府,24
Korean,선우선♥,3
RUSSIAN,ех5к5,7
Chinese,介绍大湾区发展商机,151
Chinese,考试算啥,128
RUSSIAN,ивентаризации,1
Chinese,目前警方已经逮捕了14名嫌疑人,143
FINNISH,vedepinnat,3
Chinese,前坪水库移民安置点建设稳步推进,6
POLISH,98345,1
PORTUGUESE,show do skank na red eventos é sucesso de público,362
RUSSIAN,vess,8
POLISH,działają spece,10
ChineseT,中國四大銀行已經冇哂美金,75
TELUGU,గాడి,1221
ENGLISH,piercrain,6
Chinese,zebra发布猪年版安卓吉祥物,35
Chinese,08西安男子五年前购买橡木家具,21
ITALIAN,scali,81200
Chinese,宝宝总是流鼻涕要重视,27
DUTCH,ouderensozen,113
Chinese,工业锅炉发展现状及前景预测,72
Korean,증일동,25
NORWEGIAN,aristokattene,203
INDONESIAN,quiling,4
GERMAN,½angebote,15
Japanese,valdosta,38
Japanese,感染症注意,6
RUSSIAN,солунского,10621
Chinese,美众院将就通俄门报告举行听证会,61
Chinese,德国一圣诞市场,1
ENGLISH,brookies,6477
GERMAN,arzneimittelreform,10462
ARABIC,9191,38
Korean,낙태후증후군,2
ChineseT,率領一眾年青歌手一同在露天巴士上巡迴,1
POLISH,sokolenk±,1
ENGLISH,varmgard,1
Chinese,五莲8000名志愿者活跃在文明实践一线,52
Chinese,这次英国vat又有什么特别的规定,21
ChineseT,前岡山鎮長收回扣,27
DUTCH,7051,176
SERBIAN,40poznata,4
RUSSIAN,kielh,36
SLOVENIAN,sušili,1
Chinese,13黄金套单怎么办,30
INDONESIAN,00atsi,1
Chinese,男员工,40
NORWEGIAN,25220,69
ENGLISH,tjyqlvzz1u,74
DANISH,berrie,22
RUSSIAN,тәжікстандық,24
Chinese,这届捏脸被网友玩坏了,18
CZECH,62785770,13
Chinese,儿童mod,2
RUSSIAN,выстрелы5522,3
Chinese,我画越南,79
ENGLISH,blassttt,1
Chinese,80后的孩子与80后相比,16
ChineseT,各有包袱各擅勝場,100
CROATIAN,anicom,211
Chinese,新型农业经营体系不断完善,5
HUNGARIAN,vállalkozom ,4
ChineseT,今行動是回應,1
ENGLISH,plugger2006,20
RUSSIAN,политикаполоводье,31
DUTCH,17oostzaan,10
ENGLISH,ql2p00vyhp,3
RUSSIAN,известно124,2
BOSNIAN,ljeta14mprije,1
RUSSIAN,мартанастасья,37
Chinese,中国影视年度蓝皮书,5
Chinese,河南李家三位法轮功学员,19
GREEK,τεταρτο,4592
DANISH,whgnj,1
RUSSIAN,жест14,7
CZECH,necertifikovaný,235
Japanese,平芳幸浩,1
POLISH,vareš,1
SERBIAN,الماتيا,2
Chinese,熟悉一幕上演,8
DUTCH,lezersstelling,13466
ARABIC,أورميلا,39
HINDI,whrn53nxig,1
Japanese,七夕クッキーとフルーツ,1
FRENCH,abboute,91
RUSSIAN,дзуккарелли,6
Korean,변신🌸,62
Chinese,奔跑模式,184
PORTUGUESE,387circuito,2
Korean,마요테,71
THAI,เซตกลับมาเอาชนะ,5
SPANISH,2473,1062
Chinese,已完成八成以上,24
THAI,สถานการณ์น้ำท่วมรีสอร์ทท้ายเขื่อนแก่งกระจาน,19
ChineseT,契约,13
SPANISH,petroleroal,13
DANISH,stomk,1
ChineseT,夫妻回收遇橫禍　原定存錢等明年退休,1
CZECH,2004861,11
RUSSIAN,448929,1
GERMAN,mixmountainbike,169
ENGLISH,shapo's,111
HUNGARIAN,konyhanyelvként,272
SWEDISH,stickskadade▸ jakt,2
RUSSIAN,27китайские,477
Chinese,解构重塑音乐新概念,26
ChineseT,多食患心臟病風險增三倍,241
ARABIC,انجزتها,91
DUTCH,verkoel,43
Korean,맥심x카카오프렌즈,1152
ALBANIAN,përlara,40
POLISH,cypryjczyków,52
ITALIAN,'desperados',10
Chinese,杜嘉林医生给患者欧,1
Chinese,cc主播,119
ChineseT,美聯儲局官員,1
ENGLISH,picsvicky,5
Chinese,美联储如期加息黄金暴涨暴跌做单技巧及解套,8
Japanese,着香,1
Chinese,家在景中住人在画中游,1
Chinese,火箭球迷又要熬夜,1
Chinese,2727,275
Chinese,教师加班用餐时猝死,661
DUTCH,9掳c,4
FRENCH,boutisseuse,2
SPANISH,resultaat,3
ARABIC,وتدعمون,233
Chinese,美股上涨后收跌,2
TURKISH,01özcan,69
UKRAINIAN,150850,1
ENGLISH,paiq9vy12l,21
HINDI,मैग्जिन,59
Chinese,黑龙江省哈尔滨水文局副局长闻建伟做主旨发布,163
ChineseT,的人都算錯,28
ChineseT,廣西歌成海,24
Chinese,bigmic唱片复出,6
Chinese,并回答了大家关心的问题,5
Japanese,タックル指示の隠蔽同意で一生面倒見る,31
Chinese,市场有望逐步回稳,1
BOSNIAN,10uoči,5
Chinese,鸡蛋又出让大家抢着做的几种新吃法,2
RUSSIAN,подробности55,13
FINNISH,1151830519384027137,23
HINDI,anc,280
POLISH,24796,6
ChineseT,推動變裝文化　真人騷怎樣變出龐大商機,11
SPANISH,resfriando,233
RUSSIAN,kindbeetle,120
THAI,กมลวิช,161
ARMENIAN,վիրավորանքներն,17
Korean,잘던진,10
PERSIAN,مشخص‌کردن,1
Chinese,中国最好大学排名之语文院校,6
LITHUANIAN,212985,1
SPANISH,📹alarmante,16
BENGALI,ঋতুরও,1
Chinese,家的小七等你来取名,254
Korean,황세원선수가,576
DUTCH,wedstrijdsport,591
DUTCH,twan huys bij,200
SPANISH,u2cn2lw1pp,3
RUSSIAN,5d5d9588e2c55,1
Chinese,可以优秀到什么程度,1
Japanese,ゴーン前会長を再逮捕へ,22
ChineseT,功能更新　電腦,26
Chinese,2018网络视听节目创新与人,7
ARABIC,00قطايف,2
Chinese,不如出国留学,3
Unknown,df331264ou,1
UKRAINIAN,visibility 7247 переглядів,2
NORWEGIAN, tre,1669
HUNGARIAN,ajándékcsere,290
ENGLISH,mcquiggan,528
DUTCH,112627,1
Chinese,仙居打造台州首条,238
Chinese,晋煤集团28个项目强力,53
INDONESIAN,3993,1
HINDI,पिप्लाद,49
ENGLISH,legendvry,103
ENGLISH,sepik,6435
FRENCH,dialimpa,118
Japanese,3グレー,1
Chinese,50岁前搞定这款suv,2
Chinese,为什么发的安防沙龙活动报名贴给我删除了呢,1
RUSSIAN,эрнитс,168
FRENCH,convoque a la cour supreme ,25
GREEK,αστυνομιων,5
GERMAN,809gamingfür,1
ENGLISH,luciethe,97
SPANISH,evanivaldo,78
TELUGU,పట్టావా,5
ENGLISH,cardiac arrest,264
ARABIC,تمهيداَ,27
RUSSIAN,дадашева,47996
FINNISH,maakaasuputkille,170
Chinese,郑爽这个小动作被吐槽不卫生,1
CZECH,26938723,1
Chinese,1+13+1,94
Chinese,改还是不改,1
Chinese,356池塘王子类型,9
POLISH,przemyśl251,58
DANISH,n3rjx,1
ChineseT,ig剖白,3
Korean,국무원의,32
SERBIAN,6996,26
ENGLISH,perryf,33
Korean,장원연,865
HEBREW,בוואטסאפצ'ק,1
ITALIAN,multarli,1013
Chinese,美元或面临严重,1
PORTUGUESE,usalifa,48
HINDI,लोकलसाठीही,2
GREEK,thanos787,3
GERMAN,kreislaufwirtschaft1006,30
ITALIAN,akcdnykunz,1
Chinese,曝重大漏洞,4
Chinese,文化观潮｜作家王刚,1
Japanese,運転手の男を逮捕写真new,1
Korean,차단방역,72872
ENGLISH,hwrb,77
DANISH,meqet,1
Korean,목동본사에서,21
FRENCH,qoeqmjlfys,9
SERBIAN,brnabićevu,199
ROMANIAN,5d2b5fa12eaf0,2
ChineseT,氣喘兒,29
Chinese,布局成长类基金时机来临,23
MACEDONIAN,wsbaurjzor,2
GERMAN,06029913,1
Chinese,改革优化营商环境电视电话会议实况,47
CROATIAN,svojoj vezi,1
ChineseT,也藉此邀請全國地政界人士參與花博盛會,1
GREEK,βοσπόρου5,6
ChineseT,32144東廠事件讓促轉會蒙汙名,1
GERMAN,geborengustave,24
RUSSIAN,новоститанковый,23
Chinese,平陆大队强化客车宣传,90
ChineseT,不外是殺鷄警猴,38
ChineseT,我們將推動與網絡襲擊相關的新制裁,7
POLISH,ps7bkb,1
TELUGU,కదలడం,21
DUTCH,procentjes,837
Korean,전주연탄은행간,6
ENGLISH,daughters inside,35
GERMAN,kritiktitlis,154
Chinese,家大业大被掏空,1
Korean,셀토스에만,12
Chinese,5月24日坏消息榜,43
Chinese,当地主需要有耐心,16
CROATIAN,narusavanje,148
Chinese,7特朗普关税政策可能引发华州啤酒价格上涨,1
Chinese,5种交通伤亡事故领导干部必须到场,46
ENGLISH,metroglass,1469
SWEDISH,ränteuppgången,5
Chinese,罗马假期,7
PORTUGUESE,ter21christopher,18
RUSSIAN,полтавське,20
ChineseT,但若是任意跳槽,2
Chinese,自动泊车是鸡肋,24
HEBREW,המנגלהארץהארץ,21
UKRAINIAN,14248,12
RUSSIAN,386808,2
Korean,적정환자수,51
CZECH,menší hotovost,6
Japanese,グループl,1
FINNISH,lanaavat,5
SLOVAK,gisina,45
ENGLISH,bpaewmdool,6
Korean,전남도지사기,1422
SPANISH,ultomiris,644
ChineseT,暴雨傘被偷,1
DUTCH,050spaanse,43
NORWEGIAN,barnefamilierhans,45
Chinese,火箭缺啥,182
Korean,식약처는,20236
TAJIK,28820,1
MALAY,نومبور,96
SPANISH,cyclope,12989
PORTUGUESE,quartosa,1
ENGLISH,50bathurst,1
ENGLISH,attended ,721
Japanese,県南予地方局２２ヵ所に水位計設置へ　宇和島圏域減災対策協,3
ITALIAN,domidea,48
THAI,สโมสรโคราช,7
ENGLISH,5ce3ba1acbdaa,1
PORTUGUESE,ghanan,22
ChineseT,後悔分手,4
GERMAN,indiegogo1,48
FINNISH,huudattamaan,63
Chinese,特斯拉增辨别骑者技术,23
ENGLISH,perseids5,48
GERMAN,bronze29,28
Chinese,a股短期超跌反弹趋势难改,1
Chinese,新兴市场主要股指近期持续走强,1
SPANISH,mortara,5831
Unknown,ulz3m3mazu,1
SWAHILI,cancelling,7
Chinese,不再享受补贴,237
Chinese,巨龙boss战攻略,1
ENGLISH,myspacefacebook,6
Japanese,バチカンでイブのミサ　消費主義に警鐘,7
FINNISH,venäjälle ,7
Chinese,追求更佳的上镜效果都会进行疯狂的,27
ENGLISH,$362,21927
FRENCH,fabb24,3
Korean,마포구의회,2400
ChineseT,癌症時鐘快轉2秒　罹大腸癌人數連11年蟬聯第,4
ChineseT,多人被處分,1
PERSIAN,صناعت,126
GERMAN,23münze,20
SPANISH,iued,1
RUSSIAN,за перерегистрацию,10
FRENCH,par jabberfr,360
ENGLISH,4541985,1
Chinese,开启反差萌模式,23
TURKISH,pi̇yasabrexit,2
ENGLISH,substratesams,118
Chinese,吕昊天将挑战希金斯,20
ENGLISH,newshourtribal,27
Chinese,七连涨后高位回落,6
ENGLISH,praetm,10
ChineseT,開啓新的業績增長週期,34
ChineseT,黃國昌遭指要補位選台北市長　柯文哲,6
Korean,참여'로,834
Japanese,慎太郎,15
Japanese,ブラック業務改善＝rpa導入,19
Chinese,提交了上海华山医院,95
RUSSIAN,чумуданы,1
POLISH,58rzeź,23
TAJIK,феълӣ,41
Chinese,世界大健康博览会上,12
Chinese,关于福利,121
SINHALESE,අරැඹේ,82
Chinese,挑战vs机遇,1
ARABIC,البحرنوهت,3
