facebook,95
max,86
google,86
fifa,85
com,85
york,84
youtube,84
france,83
bbc,83
san,82
america,82
india,82
brexit,82
online,81
whatsapp,81
cnn,80
www,80
george,80
usa,80
paul,79
app,79
instagram,79
donald,78
mini,78
boeing,78
huawei,78
anti,78
toyota,78
london,78
michael,78
canada,77
washington,77
robert,77
daniel,77
paris,77
kim,77
rss,77
del,77
asia,76
expo,76
david,76
fest,76
iii,76
johnson,76
iphone,75
ben,75
coca,75
cola,75
africa,75
putin,75
microsoft,75
airways,75
tom,74
australia,74
mega,74
boris,74
nasa,74
iran,74
hollywood,74
thomas,74
madrid,74
richard,74
bmw,74
notre,74
ali,74
unesco,74
sam,73
jan,73
samsung,73
charles,73
los,73
victoria,73
james,73
rio,73
korea,73
uber,73
tech,73
israel,73
dubai,73
forbes,73
euro,73
abc,72
alex,72
semi,72
hiv,72
europa,72
cyber,72
japan,72
amazon,72
william,72
eco,72
nike,72
saudi,72
jean,72
airbus,72
ltd,72
mercedes,72
nissan,72
mary,72
berlin,72
gps,72
selfie,71
min,71
russia,71
tony,71
tokyo,71
argentina,71
costa,71
california,71
dan,71
ceo,71
sms,71
sri,71
joe,71
russian,71
abu,71
https,71
wifi,71
cambridge,71
manchester,71
org,71
qatar,71
jong,70
las,70
ronaldo,70
audi,70
egypt,70
jones,70
oscar,70
pre,70
var,70
santa,70
kelly,69
barcelona,69
nepal,69
germany,69
gen,69
lanka,69
steve,69
volkswagen,69
hong,69
tesla,69
adam,69
prix,69
netflix,69
faceapp,69
mac,69
hyundai,69
sara,69
sim,69
uefa,69
reuters,69
anna,69
patrick,69
kate,68
rover,68
texas,68
kong,68
jordan,68
multi,68
alibaba,68
jackson,68
baba,68
chris,68
williams,68
spacex,68
cuba,68
wikileaks,68
britain,68
macron,68
spain,68
scott,68
german,68
unicef,68
turkish,68
charlie,68
anthony,68
sony,68
chelsea,68
jim,68
vladimir,68
simon,68
mali,68
nato,68
analytica,68
liverpool,68
gov,68
portugal,68
zealand,67
grande,67
thai,67
arabia,67
roger,67
suv,67
tourism,67
mia,67
elizabeth,67
vietnam,67
joseph,67
honda,67
meghan,67
peru,67
justin,67
metoo,67
louis,67
florida,67
olympic,67
henry,67
nobel,67
bitcoin,67
jesus,67
avengers,67
sarah,67
ipad,67
neo,67
jennifer,67
psg,66
nyt,66
khan,66
korean,66
mit,66
marc,66
des,66
francis,66
maya,66
neymar,66
mma,66
liga,66
singapore,66
mafia,66
marie,66
australian,66
website,66
mba,66
stella,66
alexander,66
jonathan,66
angeles,66
admin,66
das,66
emma,66
tim,66
ios,66
jimmy,66
disney,66
copa,66
nba,66
roma,66
eng,66
startup,66
adidas,66
toronto,66
emmanuel,66
para,66
moto,66
emirates,66
benz,66
lgbt,66
oxford,65
uae,65
ahmed,65
kenya,65
les,65
pakistan,65
messi,65
angela,65
serena,65
brian,65
mps,65
italy,65
albert,65
apollo,65
icc,65
kfc,65
indonesia,65
theresa,65
cctv,65
diego,65
porsche,65
atm,65
stephen,65
mcdonald,65
mara,65
boston,65
tri,65
anne,65
endgame,65
sec,65
tel,65
mario,65
ana,65
omar,65
milan,65
renault,65
stanley,65
bio,65
morgan,64
allen,64
beijing,64
sweden,64
venezuela,64
mid,64
isis,64
austria,64
mexico,64
istanbul,64
italian,64
eva,64
juventus,64
chinese,64
taylor,64
merkel,64
prof,64
irish,64
tsunami,64
starbucks,64
feb,64
obama,64
kia,64
apps,64
syria,64
wordpress,64
ethiopian,64
antonio,64
tata,64
gaga,64
nokia,64
micro,64
quo,64
michelle,64
lite,64
miami,64
mon,64
aka,64
lara,64
xiaomi,64
elle,64
naomi,64
leo,64
eric,64
valencia,64
philip,63
zuckerberg,63
walmart,63
markle,63
royce,63
benjamin,63
nam,63
bon,63
moscow,63
brazil,63
nigeria,63
leon,63
oliver,63
eden,63
gaza,63
linkedin,63
malta,63
barbara,63
chicago,63
sala,63
vii,63
davis,63
roland,63
ramadan,63
gabriel,63
karl,63
lyon,63
diana,63
cannes,63
zte,63
usd,63
nina,63
wilson,63
tottenham,63
vita,63
nov,63
wikipedia,63
uni,63
mastercard,63
mai,63
roy,63
ufc,63
healthcare,62
malaysia,62
senegal,62
mitsubishi,62
pompeo,62
jeep,62
bangladesh,62
nelson,62
ferrari,62
playboy,62
maduro,62
mandela,62
panama,62
mtv,62
ikea,62
bali,62
ebola,62
jeremy,62
cannabis,62
afc,62
interpol,62
arnold,62
derby,62
sudan,62
thailand,62
jason,62
cristiano,62
salah,62
ivan,62
imf,62
skype,62
phd,62
danny,62
jeff,62
abe,62
modi,62
bayern,62
lama,62
trans,62
volvo,62
vin,62
clinton,62
harris,62
georgia,62
ryan,62
uno,62
int,62
vera,62
blockchain,62
silva,62
parker,62
sep,62
andy,62
oscars,62
che,62
momo,62
ireland,62
jose,62
sar,62
hitler,62
canadian,62
rita,62
panasonic,62
ajax,62
grammy,62
http,62
ngo,62
leonardo,62
joshua,61
franklin,61
telecom,61
poland,61
erdogan,61
colombia,61
iaaf,61
winnie,61
sydney,61
der,61
julian,61
afp,61
greece,61
jon,61
mis,61
peugeot,61
edu,61
med,61
florence,61
warner,61
romeo,61
alan,61
jacob,61
olympics,61
bel,61
zara,61
mohammed,61
cbs,61
hsbc,61
gran,61
bella,61
una,61
amsterdam,61
oman,61
emmy,61
rey,61
gmail,61
adams,61
norwegian,61
gloria,61
paulo,61
lego,61
lionel,61
siri,61
virginia,61
juan,61
kevin,61
rex,61
francisco,61
evans,61
ross,61
alfa,61
itunes,61
sofia,61
ukraine,61
ict,61
anita,61
snapchat,61
bloomberg,61
mohamed,61
suzuki,61
brussels,61
geo,61
luka,61
beatles,61
jane,61
andrew,61
spotify,61
intel,61
samuel,61
hal,61
netanyahu,61
shanghai,61
maestro,61
guinness,60
croatia,60
lisa,60
stan,60
jonas,60
pos,60
ninja,60
daniels,60
bobby,60
belgium,60
mag,60
pierre,60
melbourne,60
musa,60
hrw,60
fitch,60
diva,60
hawaii,60
assange,60
ibrahim,60
apr,60
hilton,60
everest,60
lucas,60
tiktok,60
houston,60
yamaha,60
lamborghini,60
michel,60
lenovo,60
jamal,60
kay,60
ada,60
zidane,60
cas,60
sen,60
abraham,60
casa,60
lopez,60
xii,60
dani,60
iso,60
franco,60
laurent,60
marco,60
carolina,60
isi,60
edward,60
cardiff,60
dec,60
atletico,60
yahoo,60
kara,60
dev,60
jun,60
atp,60
alice,60
eid,59
jerusalem,59
haram,59
pak,59
ariana,59
spanish,59
nic,59
taiwan,59
pac,59
nicole,59
von,59
davidson,59
nbc,59
mccain,59
myanmar,59
deutsche,59
leicester,59
kan,59
bolton,59
mumbai,59
maradona,59
floyd,59
kofi,59
madonna,59
kiki,59
barbie,59
bohemian,59
italia,59
unhcr,59
roberto,59
mir,59
rachel,59
tommy,59
kane,59
abba,59
vincent,59
dhabi,59
inc,59
johnny,59
fred,59
sas,59
denis,59
venus,59
sevilla,59
bot,59
bruce,59
gary,59
tik,59
alexa,59
mari,59
munich,59
isaac,59
chan,59
mig,59
dell,59
pdf,59
toni,59
sana,59
vox,59
nadal,59
jinping,59
shaw,59
agro,59
rai,59
sandra,59
serie,59
christopher,59
inf,59
ala,59
mil,59
sisi,59
porn,58
boko,58
japanese,58
java,58
duterte,58
protesters,58
cohen,58
leone,58
corp,58
khashoggi,58
ras,58
pic,58
kavanaugh,58
rihanna,58
anderson,58
steven,58
scotland,58
kar,58
federer,58
viking,58
swiss,58
ter,58
bradley,58
avicii,58
bal,58
frankfurt,58
wimbledon,58
diaspora,58
andrea,58
sol,58
rafael,58
bahrain,58
fani,58
libra,58
viii,58
dal,58
mana,58
uruguay,58
opec,58
andre,58
playstation,58
bruno,58
howard,58
oneplus,58
pepsi,58
perry,58
katy,58
jenny,58
kona,58
salman,58
login,58
hbo,58
ces,58
cardi,58
lil,58
mourinho,58
atlanta,58
pixel,58
everton,58
bil,58
esa,58
viva,58
lewis,58
arthur,58
sahara,58
monde,58
arab,58
mal,58
muhammad,58
uss,58
luis,58
buenos,58
billy,58
beckham,58
harley,58
fao,58
eurovision,58
browser,58
morrison,58
laptop,58
gordon,58
que,58
vivo,58
aston,58
marshall,58
ian,58
eli,58
kosovo,58
nda,58
ann,58
monte,58
dar,58
est,58
cruz,58
tara,57
newcastle,57
mou,57
annan,57
joan,57
harvard,57
hydro,57
als,57
elvis,57
switzerland,57
hugo,57
ironman,57
delhi,57
bolsonaro,57
vegas,57
gdp,57
bangkok,57
kardashian,57
tunisia,57
bibi,57
denmark,57
afghanistan,57
val,57
osaka,57
ryanair,57
demi,57
vol,57
ing,57
weinstein,57
enrique,57
css,57
ora,57
nana,57
harvey,57
pari,57
serbia,57
kennedy,57
hussle,57
graham,57
sur,57
yong,57
api,57
uganda,57
monaco,57
ida,57
oppo,57
cyrus,57
picasso,57
ama,57
demo,57
christchurch,57
ruth,57
turbo,57
ibm,57
amanda,57
puerto,57
pol,57
macbook,57
promo,57
dia,57
oct,57
xbox,57
ara,57
ubs,57
havana,57
cole,57
ipo,57
ebay,57
vegan,57
fiat,57
diaz,57
mona,57
napoli,57
iss,57
eta,57
watson,57
pablo,57
kylie,57
mohammad,57
nairobi,57
aug,57
ohio,57
levante,57
smartphone,57
asi,57
kanye,57
tina,57
deadpool,57
wwe,57
chang,57
ramos,57
trudeau,57
sta,57
startups,57
uncategorized,57
nadia,57
norway,57
sergio,57
malala,57
murray,57
tele,57
mata,57
prada,57
nicolas,57
christine,57
salvador,57
doc,57
alt,56
upcoming,56
aurora,56
asa,56
hannah,56
sme,56
bose,56
helen,56
ver,56
kabul,56
elon,56
drake,56
walter,56
julie,56
maryland,56
zimbabwe,56
euros,56
ops,56
sean,56
idai,56
alzheimer,56
anton,56
swedish,56
vienna,56
helsinki,56
mic,56
freeman,56
rome,56
dortmund,56
aretha,56
rica,56
taliban,56
crackdown,56
airbnb,56
hamilton,56
olivia,56
ips,56
seattle,56
ind,56
colorado,56
soleil,56
levi,56
mls,56
manu,56
bezos,56
msc,56
orlando,56
dow,56
aviv,56
bosch,56
asus,56
despacito,56
shazam,56
brad,56
han,56
vodafone,56
photoshop,56
haley,56
cisco,56
amal,56
zen,56
ave,56
ira,56
nia,56
abdul,56
venice,56
ivanka,56
wta,56
bros,56
hillary,56
alba,56
austin,56
karen,56
nafta,56
nota,56
luna,56
michigan,56
brighton,56
hassan,56
kobe,56
annie,56
php,56
nfl,56
maha,56
download,56
aqua,56
roberts,56
abs,56
liam,56
karma,56
montreal,56
lima,56
mimi,56
lawrence,56
niro,56
nipsey,56
mclaren,56
nielsen,56
julia,56
oxfam,56
redmi,56
rodriguez,56
dave,56
lng,56
petro,56
podcast,56
paypal,56
atlantic,56
pogba,56
remix,56
goldman,56
emoji,56
bollywood,56
brent,56
versace,56
changer,56
dior,56
robinson,56
emi,56
amy,56
combo,56
carlos,56
avant,56
ola,56
porto,56
usb,56
netherlands,56
pedro,56
iot,56
mira,56
wada,56
brit,56
fia,56
brics,55
emery,55
nora,55
wsj,55
jamie,55
wwf,55
govt,55
luke,55
suisse,55
kom,55
carlo,55
barry,55
psv,55
miguel,55
entrepreneur,55
iraq,55
spiderman,55
guatemala,55
samba,55
pete,55
governance,55
vis,55
melania,55
opel,55
sophia,55
rwanda,55
nec,55
sis,55
ellen,55
dis,55
scam,55
noah,55
mueller,55
chevrolet,55
homepage,55
kashmir,55
barack,55
conte,55
laura,55
calvin,55
bluetooth,55
ina,55
ima,55
mila,55
garros,55
dominic,55
nikki,55
einstein,55
rankings,55
manuel,55
chanel,55
har,55
mina,55
alma,55
xxx,55
lincoln,55
belle,55
malik,55
holland,55
morris,55
lol,55
alabama,55
url,55
nin,55
ist,55
nano,55
collins,55
raja,55
rick,55
ron,55
titanic,55
nur,55
lexus,55
romania,55
sans,55
simona,55
sachs,55
roc,55
jessica,55
mala,55
gif,55
ralph,55
gina,55
aires,55
vanessa,55
regina,55
pokemon,55
homo,55
bts,55
wang,55
usaid,55
morocco,55
sonia,55
norman,55
biden,55
avatar,55
multimedia,55
coco,55
edgar,55
rama,55
russell,55
siemens,55
neil,55
tor,55
aquaman,55
linda,55
rosa,55
mozilla,55
pubg,55
ole,55
ami,55
mos,55
prima,55
gucci,55
bala,55
dana,55
bari,55

